"Woningtype";"Bouwjaarklasse";"Perioden";"Regio's";"Beginstand woningvoorraad (aantal)";"Gemiddelde oppervlakte (m2)"
"Totaal";"Totaal";"2021";"Nederland";7966331;119
"Totaal";"Totaal";"2021";"Noord-Nederland (LD)";814261;134
"Totaal";"Totaal";"2021";"Oost-Nederland (LD)";1612176;128
"Totaal";"Totaal";"2021";"West-Nederland (LD)";3851851;106
"Totaal";"Totaal";"2021";"Zuid-Nederland (LD)";1688043;133
"Totaal";"Totaal";"2021";"Niet in te delen (LD)";0;
"Totaal";"Totaal";"2021";"Groningen (PV)";285012;128
"Totaal";"Totaal";"2021";"Fryslân (PV)";304693;137
"Totaal";"Totaal";"2021";"Drenthe (PV)";224556;137
"Totaal";"Totaal";"2021";"Overijssel (PV)";514993;129
"Totaal";"Totaal";"2021";"Flevoland (PV)";174659;126
"Totaal";"Totaal";"2021";"Gelderland (PV)";922524;127
"Totaal";"Totaal";"2021";"Utrecht (PV)";593799;114
"Totaal";"Totaal";"2021";"Noord-Holland (PV)";1359800;102
"Totaal";"Totaal";"2021";"Zuid-Holland (PV)";1709692;104
"Totaal";"Totaal";"2021";"Zeeland (PV)";188560;123
"Totaal";"Totaal";"2021";"Noord-Brabant (PV)";1151426;132
"Totaal";"Totaal";"2021";"Limburg (PV)";536617;137
"Totaal";"Totaal";"2021";"Niet in te delen (PV)";0;
"Totaal";"Totaal";"2021";"Oost-Groningen (CR)";64481;140
"Totaal";"Totaal";"2021";"Delfzijl en omgeving (CR)";23083;139
"Totaal";"Totaal";"2021";"Overig Groningen (CR)";197448;124
"Totaal";"Totaal";"2021";"Noord-Friesland (CR)";152754;131
"Totaal";"Totaal";"2021";"Zuidwest-Friesland (CR)";65961;150
"Totaal";"Totaal";"2021";"Zuidoost-Friesland (CR)";85978;137
"Totaal";"Totaal";"2021";"Noord-Drenthe (CR)";87609;139
"Totaal";"Totaal";"2021";"Zuidoost-Drenthe (CR)";76332;133
"Totaal";"Totaal";"2021";"Zuidwest-Drenthe (CR)";60615;140
"Totaal";"Totaal";"2021";"Noord-Overijssel (CR)";162387;132
"Totaal";"Totaal";"2021";"Zuidwest-Overijssel (CR)";70101;125
"Totaal";"Totaal";"2021";"Twente (CR)";282505;128
"Totaal";"Totaal";"2021";"Veluwe (CR)";297865;123
"Totaal";"Totaal";"2021";"Achterhoek (CR)";181240;141
"Totaal";"Totaal";"2021";"Arnhem/Nijmegen (CR)";341144;121
"Totaal";"Totaal";"2021";"Zuidwest-Gelderland (CR)";102275;136
"Totaal";"Totaal";"2021";"Utrecht (CR)";593799;114
"Totaal";"Totaal";"2021";"Kop van Noord-Holland (CR)";170721;125
"Totaal";"Totaal";"2021";"Alkmaar en omgeving (CR)";114160;114
"Totaal";"Totaal";"2021";"IJmond (CR)";90516;108
"Totaal";"Totaal";"2021";"Agglomeratie Haarlem (CR)";109890;109
"Totaal";"Totaal";"2021";"Zaanstreek (CR)";76033;104
"Totaal";"Totaal";"2021";"Groot-Amsterdam (CR)";678785;89
"Totaal";"Totaal";"2021";"Het Gooi en Vechtstreek (CR)";119695;118
"Totaal";"Totaal";"2021";"Agglomeratie Leiden en Bollenstreek (CR)";194915;109
"Totaal";"Totaal";"2021";"Agglomeratie 's-Gravenhage (CR)";420639;100
"Totaal";"Totaal";"2021";"Delft en Westland (CR)";105447;106
"Totaal";"Totaal";"2021";"Oost-Zuid-Holland (CR)";145694;116
"Totaal";"Totaal";"2021";"Groot-Rijnmond (CR)";678017;101
"Totaal";"Totaal";"2021";"Zuidoost-Zuid-Holland (CR)";164980;109
"Totaal";"Totaal";"2021";"Zeeuwsch-Vlaanderen (CR)";54850;130
"Totaal";"Totaal";"2021";"Overig Zeeland (CR)";133710;120
"Totaal";"Totaal";"2021";"West-Noord-Brabant (CR)";287704;126
"Totaal";"Totaal";"2021";"Midden-Noord-Brabant (CR)";219146;126
"Totaal";"Totaal";"2021";"Noordoost-Noord-Brabant (CR)";290680;137
"Totaal";"Totaal";"2021";"Zuidoost-Noord-Brabant (CR)";353896;135
"Totaal";"Totaal";"2021";"Noord-Limburg (CR)";126563;144
"Totaal";"Totaal";"2021";"Midden-Limburg (CR)";109908;147
"Totaal";"Totaal";"2021";"Zuid-Limburg (CR)";300146;131
"Totaal";"Totaal";"2021";"Flevoland (CR)";174659;126
"Totaal";"Totaal";"2021";"Niet in te delen (CR)";0;
"Totaal";"Totaal";"2021";"Amsterdam";449989;76
"Totaal";"Totaal";"2021";"'s-Gravenhage (gemeente)";265959;94
"Totaal";"Totaal";"2021";"Rotterdam";317945;90
"Totaal";"Totaal";"2021";"Utrecht (gemeente)";159671;96
"Totaal";"1000 tot 1850";"2021";"Nederland";73672;155
"Totaal";"1000 tot 1850";"2021";"Noord-Nederland (LD)";5861;254
"Totaal";"1000 tot 1850";"2021";"Oost-Nederland (LD)";8197;216
"Totaal";"1000 tot 1850";"2021";"West-Nederland (LD)";48155;120
"Totaal";"1000 tot 1850";"2021";"Zuid-Nederland (LD)";11459;207
"Totaal";"1000 tot 1850";"2021";"Niet in te delen (LD)";0;
"Totaal";"1000 tot 1850";"2021";"Groningen (PV)";1261;327
"Totaal";"1000 tot 1850";"2021";"Fryslân (PV)";3771;224
"Totaal";"1000 tot 1850";"2021";"Drenthe (PV)";829;282
"Totaal";"1000 tot 1850";"2021";"Overijssel (PV)";2435;195
"Totaal";"1000 tot 1850";"2021";"Flevoland (PV)";8;
"Totaal";"1000 tot 1850";"2021";"Gelderland (PV)";5754;225
"Totaal";"1000 tot 1850";"2021";"Utrecht (PV)";5577;155
"Totaal";"1000 tot 1850";"2021";"Noord-Holland (PV)";26380;99
"Totaal";"1000 tot 1850";"2021";"Zuid-Holland (PV)";12798;135
"Totaal";"1000 tot 1850";"2021";"Zeeland (PV)";3400;169
"Totaal";"1000 tot 1850";"2021";"Noord-Brabant (PV)";4682;219
"Totaal";"1000 tot 1850";"2021";"Limburg (PV)";6777;199
"Totaal";"1000 tot 1850";"2021";"Niet in te delen (PV)";0;
"Totaal";"1000 tot 1850";"2021";"Oost-Groningen (CR)";132;438
"Totaal";"1000 tot 1850";"2021";"Delfzijl en omgeving (CR)";179;283
"Totaal";"1000 tot 1850";"2021";"Overig Groningen (CR)";950;320
"Totaal";"1000 tot 1850";"2021";"Noord-Friesland (CR)";2539;212
"Totaal";"1000 tot 1850";"2021";"Zuidwest-Friesland (CR)";971;246
"Totaal";"1000 tot 1850";"2021";"Zuidoost-Friesland (CR)";261;259
"Totaal";"1000 tot 1850";"2021";"Noord-Drenthe (CR)";310;300
"Totaal";"1000 tot 1850";"2021";"Zuidoost-Drenthe (CR)";150;257
"Totaal";"1000 tot 1850";"2021";"Zuidwest-Drenthe (CR)";369;277
"Totaal";"1000 tot 1850";"2021";"Noord-Overijssel (CR)";1206;165
"Totaal";"1000 tot 1850";"2021";"Zuidwest-Overijssel (CR)";743;184
"Totaal";"1000 tot 1850";"2021";"Twente (CR)";486;285
"Totaal";"1000 tot 1850";"2021";"Veluwe (CR)";1353;202
"Totaal";"1000 tot 1850";"2021";"Achterhoek (CR)";1645;235
"Totaal";"1000 tot 1850";"2021";"Arnhem/Nijmegen (CR)";1281;253
"Totaal";"1000 tot 1850";"2021";"Zuidwest-Gelderland (CR)";1475;211
"Totaal";"1000 tot 1850";"2021";"Utrecht (CR)";5577;155
"Totaal";"1000 tot 1850";"2021";"Kop van Noord-Holland (CR)";1798;164
"Totaal";"1000 tot 1850";"2021";"Alkmaar en omgeving (CR)";438;173
"Totaal";"1000 tot 1850";"2021";"IJmond (CR)";137;192
"Totaal";"1000 tot 1850";"2021";"Agglomeratie Haarlem (CR)";1222;118
"Totaal";"1000 tot 1850";"2021";"Zaanstreek (CR)";191;148
"Totaal";"1000 tot 1850";"2021";"Groot-Amsterdam (CR)";21938;88
"Totaal";"1000 tot 1850";"2021";"Het Gooi en Vechtstreek (CR)";656;159
"Totaal";"1000 tot 1850";"2021";"Agglomeratie Leiden en Bollenstreek (CR)";4766;106
"Totaal";"1000 tot 1850";"2021";"Agglomeratie 's-Gravenhage (CR)";1684;124
"Totaal";"1000 tot 1850";"2021";"Delft en Westland (CR)";1398;141
"Totaal";"1000 tot 1850";"2021";"Oost-Zuid-Holland (CR)";1365;159
"Totaal";"1000 tot 1850";"2021";"Groot-Rijnmond (CR)";1670;189
"Totaal";"1000 tot 1850";"2021";"Zuidoost-Zuid-Holland (CR)";1915;145
"Totaal";"1000 tot 1850";"2021";"Zeeuwsch-Vlaanderen (CR)";278;228
"Totaal";"1000 tot 1850";"2021";"Overig Zeeland (CR)";3122;164
"Totaal";"1000 tot 1850";"2021";"West-Noord-Brabant (CR)";1533;211
"Totaal";"1000 tot 1850";"2021";"Midden-Noord-Brabant (CR)";633;248
"Totaal";"1000 tot 1850";"2021";"Noordoost-Noord-Brabant (CR)";1930;200
"Totaal";"1000 tot 1850";"2021";"Zuidoost-Noord-Brabant (CR)";586;271
"Totaal";"1000 tot 1850";"2021";"Noord-Limburg (CR)";407;266
"Totaal";"1000 tot 1850";"2021";"Midden-Limburg (CR)";1017;278
"Totaal";"1000 tot 1850";"2021";"Zuid-Limburg (CR)";5353;179
"Totaal";"1000 tot 1850";"2021";"Flevoland (CR)";8;
"Totaal";"1000 tot 1850";"2021";"Niet in te delen (CR)";0;
"Totaal";"1000 tot 1850";"2021";"Amsterdam";21455;85
"Totaal";"1000 tot 1850";"2021";"'s-Gravenhage (gemeente)";1449;112
"Totaal";"1000 tot 1850";"2021";"Rotterdam";21;174
"Totaal";"1000 tot 1850";"2021";"Utrecht (gemeente)";2619;110
"Totaal";"1945 tot 1955";"2021";"Nederland";357266;109
"Totaal";"1945 tot 1955";"2021";"Noord-Nederland (LD)";33705;116
"Totaal";"1945 tot 1955";"2021";"Oost-Nederland (LD)";72401;123
"Totaal";"1945 tot 1955";"2021";"West-Nederland (LD)";157924;90
"Totaal";"1945 tot 1955";"2021";"Zuid-Nederland (LD)";93236;127
"Totaal";"1945 tot 1955";"2021";"Niet in te delen (LD)";0;
"Totaal";"1945 tot 1955";"2021";"Groningen (PV)";12042;108
"Totaal";"1945 tot 1955";"2021";"Fryslân (PV)";10477;119
"Totaal";"1945 tot 1955";"2021";"Drenthe (PV)";11186;123
"Totaal";"1945 tot 1955";"2021";"Overijssel (PV)";22644;112
"Totaal";"1945 tot 1955";"2021";"Flevoland (PV)";3272;264
"Totaal";"1945 tot 1955";"2021";"Gelderland (PV)";46485;119
"Totaal";"1945 tot 1955";"2021";"Utrecht (PV)";19778;102
"Totaal";"1945 tot 1955";"2021";"Noord-Holland (PV)";53968;91
"Totaal";"1945 tot 1955";"2021";"Zuid-Holland (PV)";72500;83
"Totaal";"1945 tot 1955";"2021";"Zeeland (PV)";11678;113
"Totaal";"1945 tot 1955";"2021";"Noord-Brabant (PV)";55473;123
"Totaal";"1945 tot 1955";"2021";"Limburg (PV)";37763;131
"Totaal";"1945 tot 1955";"2021";"Niet in te delen (PV)";0;
"Totaal";"1945 tot 1955";"2021";"Oost-Groningen (CR)";2938;121
"Totaal";"1945 tot 1955";"2021";"Delfzijl en omgeving (CR)";1197;142
"Totaal";"1945 tot 1955";"2021";"Overig Groningen (CR)";7907;98
"Totaal";"1945 tot 1955";"2021";"Noord-Friesland (CR)";5751;107
"Totaal";"1945 tot 1955";"2021";"Zuidwest-Friesland (CR)";2054;139
"Totaal";"1945 tot 1955";"2021";"Zuidoost-Friesland (CR)";2672;131
"Totaal";"1945 tot 1955";"2021";"Noord-Drenthe (CR)";3938;123
"Totaal";"1945 tot 1955";"2021";"Zuidoost-Drenthe (CR)";4232;118
"Totaal";"1945 tot 1955";"2021";"Zuidwest-Drenthe (CR)";3016;129
"Totaal";"1945 tot 1955";"2021";"Noord-Overijssel (CR)";5811;125
"Totaal";"1945 tot 1955";"2021";"Zuidwest-Overijssel (CR)";3143;111
"Totaal";"1945 tot 1955";"2021";"Twente (CR)";13690;106
"Totaal";"1945 tot 1955";"2021";"Veluwe (CR)";13193;114
"Totaal";"1945 tot 1955";"2021";"Achterhoek (CR)";8586;130
"Totaal";"1945 tot 1955";"2021";"Arnhem/Nijmegen (CR)";19522;113
"Totaal";"1945 tot 1955";"2021";"Zuidwest-Gelderland (CR)";5184;131
"Totaal";"1945 tot 1955";"2021";"Utrecht (CR)";19778;102
"Totaal";"1945 tot 1955";"2021";"Kop van Noord-Holland (CR)";6380;116
"Totaal";"1945 tot 1955";"2021";"Alkmaar en omgeving (CR)";2641;114
"Totaal";"1945 tot 1955";"2021";"IJmond (CR)";6586;96
"Totaal";"1945 tot 1955";"2021";"Agglomeratie Haarlem (CR)";4801;100
"Totaal";"1945 tot 1955";"2021";"Zaanstreek (CR)";2894;85
"Totaal";"1945 tot 1955";"2021";"Groot-Amsterdam (CR)";21988;73
"Totaal";"1945 tot 1955";"2021";"Het Gooi en Vechtstreek (CR)";8678;102
"Totaal";"1945 tot 1955";"2021";"Agglomeratie Leiden en Bollenstreek (CR)";8390;97
"Totaal";"1945 tot 1955";"2021";"Agglomeratie 's-Gravenhage (CR)";20851;78
"Totaal";"1945 tot 1955";"2021";"Delft en Westland (CR)";3678;94
"Totaal";"1945 tot 1955";"2021";"Oost-Zuid-Holland (CR)";4585;93
"Totaal";"1945 tot 1955";"2021";"Groot-Rijnmond (CR)";28561;79
"Totaal";"1945 tot 1955";"2021";"Zuidoost-Zuid-Holland (CR)";6435;88
"Totaal";"1945 tot 1955";"2021";"Zeeuwsch-Vlaanderen (CR)";3720;130
"Totaal";"1945 tot 1955";"2021";"Overig Zeeland (CR)";7958;105
"Totaal";"1945 tot 1955";"2021";"West-Noord-Brabant (CR)";13979;118
"Totaal";"1945 tot 1955";"2021";"Midden-Noord-Brabant (CR)";9553;120
"Totaal";"1945 tot 1955";"2021";"Noordoost-Noord-Brabant (CR)";14081;130
"Totaal";"1945 tot 1955";"2021";"Zuidoost-Noord-Brabant (CR)";17860;124
"Totaal";"1945 tot 1955";"2021";"Noord-Limburg (CR)";7512;146
"Totaal";"1945 tot 1955";"2021";"Midden-Limburg (CR)";6505;143
"Totaal";"1945 tot 1955";"2021";"Zuid-Limburg (CR)";23746;123
"Totaal";"1945 tot 1955";"2021";"Flevoland (CR)";3272;264
"Totaal";"1945 tot 1955";"2021";"Niet in te delen (CR)";0;
"Totaal";"1945 tot 1955";"2021";"Amsterdam";16010;62
"Totaal";"1945 tot 1955";"2021";"'s-Gravenhage (gemeente)";16080;73
"Totaal";"1945 tot 1955";"2021";"Rotterdam";17129;72
"Totaal";"1945 tot 1955";"2021";"Utrecht (gemeente)";5157;80
"Totaal";"1985 tot 1995";"2021";"Nederland";1024788;114
"Totaal";"1985 tot 1995";"2021";"Noord-Nederland (LD)";94132;123
"Totaal";"1985 tot 1995";"2021";"Oost-Nederland (LD)";226277;119
"Totaal";"1985 tot 1995";"2021";"West-Nederland (LD)";470617;103
"Totaal";"1985 tot 1995";"2021";"Zuid-Nederland (LD)";233762;126
"Totaal";"1985 tot 1995";"2021";"Niet in te delen (LD)";0;
"Totaal";"1985 tot 1995";"2021";"Groningen (PV)";27583;117
"Totaal";"1985 tot 1995";"2021";"Fryslân (PV)";33862;124
"Totaal";"1985 tot 1995";"2021";"Drenthe (PV)";32687;128
"Totaal";"1985 tot 1995";"2021";"Overijssel (PV)";66721;125
"Totaal";"1985 tot 1995";"2021";"Flevoland (PV)";39850;113
"Totaal";"1985 tot 1995";"2021";"Gelderland (PV)";119706;117
"Totaal";"1985 tot 1995";"2021";"Utrecht (PV)";78839;110
"Totaal";"1985 tot 1995";"2021";"Noord-Holland (PV)";162458;100
"Totaal";"1985 tot 1995";"2021";"Zuid-Holland (PV)";209669;102
"Totaal";"1985 tot 1995";"2021";"Zeeland (PV)";19651;120
"Totaal";"1985 tot 1995";"2021";"Noord-Brabant (PV)";166048;126
"Totaal";"1985 tot 1995";"2021";"Limburg (PV)";67714;125
"Totaal";"1985 tot 1995";"2021";"Niet in te delen (PV)";0;
"Totaal";"1985 tot 1995";"2021";"Oost-Groningen (CR)";6775;119
"Totaal";"1985 tot 1995";"2021";"Delfzijl en omgeving (CR)";1984;119
"Totaal";"1985 tot 1995";"2021";"Overig Groningen (CR)";18824;116
"Totaal";"1985 tot 1995";"2021";"Noord-Friesland (CR)";15728;119
"Totaal";"1985 tot 1995";"2021";"Zuidwest-Friesland (CR)";8079;135
"Totaal";"1985 tot 1995";"2021";"Zuidoost-Friesland (CR)";10055;121
"Totaal";"1985 tot 1995";"2021";"Noord-Drenthe (CR)";13305;128
"Totaal";"1985 tot 1995";"2021";"Zuidoost-Drenthe (CR)";10796;123
"Totaal";"1985 tot 1995";"2021";"Zuidwest-Drenthe (CR)";8586;133
"Totaal";"1985 tot 1995";"2021";"Noord-Overijssel (CR)";20884;125
"Totaal";"1985 tot 1995";"2021";"Zuidwest-Overijssel (CR)";9170;123
"Totaal";"1985 tot 1995";"2021";"Twente (CR)";36667;126
"Totaal";"1985 tot 1995";"2021";"Veluwe (CR)";39037;114
"Totaal";"1985 tot 1995";"2021";"Achterhoek (CR)";22600;124
"Totaal";"1985 tot 1995";"2021";"Arnhem/Nijmegen (CR)";43816;111
"Totaal";"1985 tot 1995";"2021";"Zuidwest-Gelderland (CR)";14253;129
"Totaal";"1985 tot 1995";"2021";"Utrecht (CR)";78839;110
"Totaal";"1985 tot 1995";"2021";"Kop van Noord-Holland (CR)";21590;114
"Totaal";"1985 tot 1995";"2021";"Alkmaar en omgeving (CR)";13832;112
"Totaal";"1985 tot 1995";"2021";"IJmond (CR)";13861;105
"Totaal";"1985 tot 1995";"2021";"Agglomeratie Haarlem (CR)";9425;96
"Totaal";"1985 tot 1995";"2021";"Zaanstreek (CR)";9209;103
"Totaal";"1985 tot 1995";"2021";"Groot-Amsterdam (CR)";85392;93
"Totaal";"1985 tot 1995";"2021";"Het Gooi en Vechtstreek (CR)";9149;102
"Totaal";"1985 tot 1995";"2021";"Agglomeratie Leiden en Bollenstreek (CR)";26203;108
"Totaal";"1985 tot 1995";"2021";"Agglomeratie 's-Gravenhage (CR)";44200;93
"Totaal";"1985 tot 1995";"2021";"Delft en Westland (CR)";13936;104
"Totaal";"1985 tot 1995";"2021";"Oost-Zuid-Holland (CR)";22303;114
"Totaal";"1985 tot 1995";"2021";"Groot-Rijnmond (CR)";82216;100
"Totaal";"1985 tot 1995";"2021";"Zuidoost-Zuid-Holland (CR)";20811;109
"Totaal";"1985 tot 1995";"2021";"Zeeuwsch-Vlaanderen (CR)";5603;124
"Totaal";"1985 tot 1995";"2021";"Overig Zeeland (CR)";14048;118
"Totaal";"1985 tot 1995";"2021";"West-Noord-Brabant (CR)";40083;120
"Totaal";"1985 tot 1995";"2021";"Midden-Noord-Brabant (CR)";28469;121
"Totaal";"1985 tot 1995";"2021";"Noordoost-Noord-Brabant (CR)";43319;128
"Totaal";"1985 tot 1995";"2021";"Zuidoost-Noord-Brabant (CR)";54177;131
"Totaal";"1985 tot 1995";"2021";"Noord-Limburg (CR)";17622;129
"Totaal";"1985 tot 1995";"2021";"Midden-Limburg (CR)";14335;130
"Totaal";"1985 tot 1995";"2021";"Zuid-Limburg (CR)";35757;122
"Totaal";"1985 tot 1995";"2021";"Flevoland (CR)";39850;113
"Totaal";"1985 tot 1995";"2021";"Niet in te delen (CR)";0;
"Totaal";"1985 tot 1995";"2021";"Amsterdam";45110;77
"Totaal";"1985 tot 1995";"2021";"'s-Gravenhage (gemeente)";22557;81
"Totaal";"1985 tot 1995";"2021";"Rotterdam";39966;88
"Totaal";"1985 tot 1995";"2021";"Utrecht (gemeente)";12168;86
"Totaal";"1995 tot 2005";"2021";"Nederland";834929;131
"Totaal";"1995 tot 2005";"2021";"Noord-Nederland (LD)";84427;151
"Totaal";"1995 tot 2005";"2021";"Oost-Nederland (LD)";198888;134
"Totaal";"1995 tot 2005";"2021";"West-Nederland (LD)";381305;121
"Totaal";"1995 tot 2005";"2021";"Zuid-Nederland (LD)";170309;141
"Totaal";"1995 tot 2005";"2021";"Niet in te delen (LD)";0;
"Totaal";"1995 tot 2005";"2021";"Groningen (PV)";26702;144
"Totaal";"1995 tot 2005";"2021";"Fryslân (PV)";31371;156
"Totaal";"1995 tot 2005";"2021";"Drenthe (PV)";26354;153
"Totaal";"1995 tot 2005";"2021";"Overijssel (PV)";62487;137
"Totaal";"1995 tot 2005";"2021";"Flevoland (PV)";44766;132
"Totaal";"1995 tot 2005";"2021";"Gelderland (PV)";91635;132
"Totaal";"1995 tot 2005";"2021";"Utrecht (PV)";67619;124
"Totaal";"1995 tot 2005";"2021";"Noord-Holland (PV)";125976;116
"Totaal";"1995 tot 2005";"2021";"Zuid-Holland (PV)";169345;120
"Totaal";"1995 tot 2005";"2021";"Zeeland (PV)";18365;144
"Totaal";"1995 tot 2005";"2021";"Noord-Brabant (PV)";123937;140
"Totaal";"1995 tot 2005";"2021";"Limburg (PV)";46372;144
"Totaal";"1995 tot 2005";"2021";"Niet in te delen (PV)";0;
"Totaal";"1995 tot 2005";"2021";"Oost-Groningen (CR)";7192;152
"Totaal";"1995 tot 2005";"2021";"Delfzijl en omgeving (CR)";1682;141
"Totaal";"1995 tot 2005";"2021";"Overig Groningen (CR)";17828;141
"Totaal";"1995 tot 2005";"2021";"Noord-Friesland (CR)";13056;154
"Totaal";"1995 tot 2005";"2021";"Zuidwest-Friesland (CR)";8240;162
"Totaal";"1995 tot 2005";"2021";"Zuidoost-Friesland (CR)";10075;153
"Totaal";"1995 tot 2005";"2021";"Noord-Drenthe (CR)";10500;148
"Totaal";"1995 tot 2005";"2021";"Zuidoost-Drenthe (CR)";9201;161
"Totaal";"1995 tot 2005";"2021";"Zuidwest-Drenthe (CR)";6653;149
"Totaal";"1995 tot 2005";"2021";"Noord-Overijssel (CR)";21026;137
"Totaal";"1995 tot 2005";"2021";"Zuidwest-Overijssel (CR)";9332;135
"Totaal";"1995 tot 2005";"2021";"Twente (CR)";32129;138
"Totaal";"1995 tot 2005";"2021";"Veluwe (CR)";30632;127
"Totaal";"1995 tot 2005";"2021";"Achterhoek (CR)";18457;141
"Totaal";"1995 tot 2005";"2021";"Arnhem/Nijmegen (CR)";29914;130
"Totaal";"1995 tot 2005";"2021";"Zuidwest-Gelderland (CR)";12632;139
"Totaal";"1995 tot 2005";"2021";"Utrecht (CR)";67619;124
"Totaal";"1995 tot 2005";"2021";"Kop van Noord-Holland (CR)";20565;133
"Totaal";"1995 tot 2005";"2021";"Alkmaar en omgeving (CR)";14291;117
"Totaal";"1995 tot 2005";"2021";"IJmond (CR)";8620;116
"Totaal";"1995 tot 2005";"2021";"Agglomeratie Haarlem (CR)";5194;108
"Totaal";"1995 tot 2005";"2021";"Zaanstreek (CR)";6880;121
"Totaal";"1995 tot 2005";"2021";"Groot-Amsterdam (CR)";63416;110
"Totaal";"1995 tot 2005";"2021";"Het Gooi en Vechtstreek (CR)";7010;126
"Totaal";"1995 tot 2005";"2021";"Agglomeratie Leiden en Bollenstreek (CR)";15606;123
"Totaal";"1995 tot 2005";"2021";"Agglomeratie 's-Gravenhage (CR)";49101;117
"Totaal";"1995 tot 2005";"2021";"Delft en Westland (CR)";9074;123
"Totaal";"1995 tot 2005";"2021";"Oost-Zuid-Holland (CR)";10587;130
"Totaal";"1995 tot 2005";"2021";"Groot-Rijnmond (CR)";69614;117
"Totaal";"1995 tot 2005";"2021";"Zuidoost-Zuid-Holland (CR)";15363;127
"Totaal";"1995 tot 2005";"2021";"Zeeuwsch-Vlaanderen (CR)";5539;148
"Totaal";"1995 tot 2005";"2021";"Overig Zeeland (CR)";12826;142
"Totaal";"1995 tot 2005";"2021";"West-Noord-Brabant (CR)";31204;134
"Totaal";"1995 tot 2005";"2021";"Midden-Noord-Brabant (CR)";26047;132
"Totaal";"1995 tot 2005";"2021";"Noordoost-Noord-Brabant (CR)";29783;143
"Totaal";"1995 tot 2005";"2021";"Zuidoost-Noord-Brabant (CR)";36903;150
"Totaal";"1995 tot 2005";"2021";"Noord-Limburg (CR)";13089;150
"Totaal";"1995 tot 2005";"2021";"Midden-Limburg (CR)";10813;151
"Totaal";"1995 tot 2005";"2021";"Zuid-Limburg (CR)";22470;138
"Totaal";"1995 tot 2005";"2021";"Flevoland (CR)";44766;132
"Totaal";"1995 tot 2005";"2021";"Niet in te delen (CR)";0;
"Totaal";"1995 tot 2005";"2021";"Amsterdam";32164;97
"Totaal";"1995 tot 2005";"2021";"'s-Gravenhage (gemeente)";30440;113
"Totaal";"1995 tot 2005";"2021";"Rotterdam";25063;101
"Totaal";"1995 tot 2005";"2021";"Utrecht (gemeente)";16167;110
"Totaal";"2005 tot 2015";"2021";"Nederland";673012;126
"Totaal";"2005 tot 2015";"2021";"Noord-Nederland (LD)";58872;141
"Totaal";"2005 tot 2015";"2021";"Oost-Nederland (LD)";151859;132
"Totaal";"2005 tot 2015";"2021";"West-Nederland (LD)";325298;117
"Totaal";"2005 tot 2015";"2021";"Zuid-Nederland (LD)";136983;131
"Totaal";"2005 tot 2015";"2021";"Niet in te delen (LD)";0;
"Totaal";"2005 tot 2015";"2021";"Groningen (PV)";19904;132
"Totaal";"2005 tot 2015";"2021";"Fryslân (PV)";21562;147
"Totaal";"2005 tot 2015";"2021";"Drenthe (PV)";17406;144
"Totaal";"2005 tot 2015";"2021";"Overijssel (PV)";46031;141
"Totaal";"2005 tot 2015";"2021";"Flevoland (PV)";19544;131
"Totaal";"2005 tot 2015";"2021";"Gelderland (PV)";86284;128
"Totaal";"2005 tot 2015";"2021";"Utrecht (PV)";55926;121
"Totaal";"2005 tot 2015";"2021";"Noord-Holland (PV)";112484;113
"Totaal";"2005 tot 2015";"2021";"Zuid-Holland (PV)";143476;118
"Totaal";"2005 tot 2015";"2021";"Zeeland (PV)";13412;136
"Totaal";"2005 tot 2015";"2021";"Noord-Brabant (PV)";104250;129
"Totaal";"2005 tot 2015";"2021";"Limburg (PV)";32733;137
"Totaal";"2005 tot 2015";"2021";"Niet in te delen (PV)";0;
"Totaal";"2005 tot 2015";"2021";"Oost-Groningen (CR)";3231;154
"Totaal";"2005 tot 2015";"2021";"Delfzijl en omgeving (CR)";1527;130
"Totaal";"2005 tot 2015";"2021";"Overig Groningen (CR)";15146;128
"Totaal";"2005 tot 2015";"2021";"Noord-Friesland (CR)";9854;144
"Totaal";"2005 tot 2015";"2021";"Zuidwest-Friesland (CR)";4919;156
"Totaal";"2005 tot 2015";"2021";"Zuidoost-Friesland (CR)";6789;143
"Totaal";"2005 tot 2015";"2021";"Noord-Drenthe (CR)";7544;147
"Totaal";"2005 tot 2015";"2021";"Zuidoost-Drenthe (CR)";4811;144
"Totaal";"2005 tot 2015";"2021";"Zuidwest-Drenthe (CR)";5051;140
"Totaal";"2005 tot 2015";"2021";"Noord-Overijssel (CR)";16954;139
"Totaal";"2005 tot 2015";"2021";"Zuidwest-Overijssel (CR)";5558;140
"Totaal";"2005 tot 2015";"2021";"Twente (CR)";23519;142
"Totaal";"2005 tot 2015";"2021";"Veluwe (CR)";30463;129
"Totaal";"2005 tot 2015";"2021";"Achterhoek (CR)";14223;133
"Totaal";"2005 tot 2015";"2021";"Arnhem/Nijmegen (CR)";32335;123
"Totaal";"2005 tot 2015";"2021";"Zuidwest-Gelderland (CR)";9263;131
"Totaal";"2005 tot 2015";"2021";"Utrecht (CR)";55926;121
"Totaal";"2005 tot 2015";"2021";"Kop van Noord-Holland (CR)";13407;134
"Totaal";"2005 tot 2015";"2021";"Alkmaar en omgeving (CR)";9273;115
"Totaal";"2005 tot 2015";"2021";"IJmond (CR)";8568;121
"Totaal";"2005 tot 2015";"2021";"Agglomeratie Haarlem (CR)";6873;111
"Totaal";"2005 tot 2015";"2021";"Zaanstreek (CR)";7653;115
"Totaal";"2005 tot 2015";"2021";"Groot-Amsterdam (CR)";60780;105
"Totaal";"2005 tot 2015";"2021";"Het Gooi en Vechtstreek (CR)";5930;128
"Totaal";"2005 tot 2015";"2021";"Agglomeratie Leiden en Bollenstreek (CR)";16068;121
"Totaal";"2005 tot 2015";"2021";"Agglomeratie 's-Gravenhage (CR)";34153;119
"Totaal";"2005 tot 2015";"2021";"Delft en Westland (CR)";10918;113
"Totaal";"2005 tot 2015";"2021";"Oost-Zuid-Holland (CR)";11491;122
"Totaal";"2005 tot 2015";"2021";"Groot-Rijnmond (CR)";56848;117
"Totaal";"2005 tot 2015";"2021";"Zuidoost-Zuid-Holland (CR)";13998;120
"Totaal";"2005 tot 2015";"2021";"Zeeuwsch-Vlaanderen (CR)";3091;153
"Totaal";"2005 tot 2015";"2021";"Overig Zeeland (CR)";10321;130
"Totaal";"2005 tot 2015";"2021";"West-Noord-Brabant (CR)";24824;127
"Totaal";"2005 tot 2015";"2021";"Midden-Noord-Brabant (CR)";21527;115
"Totaal";"2005 tot 2015";"2021";"Noordoost-Noord-Brabant (CR)";26789;135
"Totaal";"2005 tot 2015";"2021";"Zuidoost-Noord-Brabant (CR)";31110;135
"Totaal";"2005 tot 2015";"2021";"Noord-Limburg (CR)";10005;143
"Totaal";"2005 tot 2015";"2021";"Midden-Limburg (CR)";8343;142
"Totaal";"2005 tot 2015";"2021";"Zuid-Limburg (CR)";14385;129
"Totaal";"2005 tot 2015";"2021";"Flevoland (CR)";19544;131
"Totaal";"2005 tot 2015";"2021";"Niet in te delen (CR)";0;
"Totaal";"2005 tot 2015";"2021";"Amsterdam";38650;94
"Totaal";"2005 tot 2015";"2021";"'s-Gravenhage (gemeente)";20055;113
"Totaal";"2005 tot 2015";"2021";"Rotterdam";22840;108
"Totaal";"2005 tot 2015";"2021";"Utrecht (gemeente)";21240;106
"Totaal";"2015 tot 2025";"2021";"Nederland";368948;118
"Totaal";"2015 tot 2025";"2021";"Noord-Nederland (LD)";30694;118
"Totaal";"2015 tot 2025";"2021";"Oost-Nederland (LD)";84300;128
"Totaal";"2015 tot 2025";"2021";"West-Nederland (LD)";183225;110
"Totaal";"2015 tot 2025";"2021";"Zuid-Nederland (LD)";70729;127
"Totaal";"2015 tot 2025";"2021";"Niet in te delen (LD)";0;
"Totaal";"2015 tot 2025";"2021";"Groningen (PV)";12419;100
"Totaal";"2015 tot 2025";"2021";"Fryslân (PV)";10622;130
"Totaal";"2015 tot 2025";"2021";"Drenthe (PV)";7653;131
"Totaal";"2015 tot 2025";"2021";"Overijssel (PV)";22649;136
"Totaal";"2015 tot 2025";"2021";"Flevoland (PV)";12461;115
"Totaal";"2015 tot 2025";"2021";"Gelderland (PV)";49190;127
"Totaal";"2015 tot 2025";"2021";"Utrecht (PV)";33905;112
"Totaal";"2015 tot 2025";"2021";"Noord-Holland (PV)";69585;98
"Totaal";"2015 tot 2025";"2021";"Zuid-Holland (PV)";72442;118
"Totaal";"2015 tot 2025";"2021";"Zeeland (PV)";7293;126
"Totaal";"2015 tot 2025";"2021";"Noord-Brabant (PV)";58160;126
"Totaal";"2015 tot 2025";"2021";"Limburg (PV)";12569;130
"Totaal";"2015 tot 2025";"2021";"Niet in te delen (PV)";0;
"Totaal";"2015 tot 2025";"2021";"Oost-Groningen (CR)";1162;140
"Totaal";"2015 tot 2025";"2021";"Delfzijl en omgeving (CR)";794;115
"Totaal";"2015 tot 2025";"2021";"Overig Groningen (CR)";10463;94
"Totaal";"2015 tot 2025";"2021";"Noord-Friesland (CR)";5435;131
"Totaal";"2015 tot 2025";"2021";"Zuidwest-Friesland (CR)";2021;137
"Totaal";"2015 tot 2025";"2021";"Zuidoost-Friesland (CR)";3166;124
"Totaal";"2015 tot 2025";"2021";"Noord-Drenthe (CR)";3303;130
"Totaal";"2015 tot 2025";"2021";"Zuidoost-Drenthe (CR)";1675;135
"Totaal";"2015 tot 2025";"2021";"Zuidwest-Drenthe (CR)";2675;129
"Totaal";"2015 tot 2025";"2021";"Noord-Overijssel (CR)";9633;130
"Totaal";"2015 tot 2025";"2021";"Zuidwest-Overijssel (CR)";2872;133
"Totaal";"2015 tot 2025";"2021";"Twente (CR)";10144;144
"Totaal";"2015 tot 2025";"2021";"Veluwe (CR)";19922;125
"Totaal";"2015 tot 2025";"2021";"Achterhoek (CR)";6332;137
"Totaal";"2015 tot 2025";"2021";"Arnhem/Nijmegen (CR)";16393;121
"Totaal";"2015 tot 2025";"2021";"Zuidwest-Gelderland (CR)";6543;138
"Totaal";"2015 tot 2025";"2021";"Utrecht (CR)";33905;112
"Totaal";"2015 tot 2025";"2021";"Kop van Noord-Holland (CR)";6614;131
"Totaal";"2015 tot 2025";"2021";"Alkmaar en omgeving (CR)";5052;126
"Totaal";"2015 tot 2025";"2021";"IJmond (CR)";3249;118
"Totaal";"2015 tot 2025";"2021";"Agglomeratie Haarlem (CR)";3497;113
"Totaal";"2015 tot 2025";"2021";"Zaanstreek (CR)";2610;113
"Totaal";"2015 tot 2025";"2021";"Groot-Amsterdam (CR)";43526;82
"Totaal";"2015 tot 2025";"2021";"Het Gooi en Vechtstreek (CR)";5037;138
"Totaal";"2015 tot 2025";"2021";"Agglomeratie Leiden en Bollenstreek (CR)";12555;106
"Totaal";"2015 tot 2025";"2021";"Agglomeratie 's-Gravenhage (CR)";15996;105
"Totaal";"2015 tot 2025";"2021";"Delft en Westland (CR)";6466;122
"Totaal";"2015 tot 2025";"2021";"Oost-Zuid-Holland (CR)";8865;129
"Totaal";"2015 tot 2025";"2021";"Groot-Rijnmond (CR)";22532;124
"Totaal";"2015 tot 2025";"2021";"Zuidoost-Zuid-Holland (CR)";6028;132
"Totaal";"2015 tot 2025";"2021";"Zeeuwsch-Vlaanderen (CR)";1772;129
"Totaal";"2015 tot 2025";"2021";"Overig Zeeland (CR)";5521;125
"Totaal";"2015 tot 2025";"2021";"West-Noord-Brabant (CR)";10883;125
"Totaal";"2015 tot 2025";"2021";"Midden-Noord-Brabant (CR)";12349;123
"Totaal";"2015 tot 2025";"2021";"Noordoost-Noord-Brabant (CR)";16254;131
"Totaal";"2015 tot 2025";"2021";"Zuidoost-Noord-Brabant (CR)";18674;124
"Totaal";"2015 tot 2025";"2021";"Noord-Limburg (CR)";3926;134
"Totaal";"2015 tot 2025";"2021";"Midden-Limburg (CR)";3483;140
"Totaal";"2015 tot 2025";"2021";"Zuid-Limburg (CR)";5160;122
"Totaal";"2015 tot 2025";"2021";"Flevoland (CR)";12461;115
"Totaal";"2015 tot 2025";"2021";"Niet in te delen (CR)";0;
"Totaal";"2015 tot 2025";"2021";"Amsterdam";30484;68
"Totaal";"2015 tot 2025";"2021";"'s-Gravenhage (gemeente)";10230;89
"Totaal";"2015 tot 2025";"2021";"Rotterdam";7314;110
"Totaal";"2015 tot 2025";"2021";"Utrecht (gemeente)";13059;88
"Eengezinswoning";"Totaal";"2021";"Nederland";5095799;141
"Eengezinswoning";"Totaal";"2021";"Noord-Nederland (LD)";613503;151
"Eengezinswoning";"Totaal";"2021";"Oost-Nederland (LD)";1205656;142
"Eengezinswoning";"Totaal";"2021";"West-Nederland (LD)";2024198;131
"Eengezinswoning";"Totaal";"2021";"Zuid-Nederland (LD)";1252442;150
"Eengezinswoning";"Totaal";"2021";"Niet in te delen (LD)";0;
"Eengezinswoning";"Totaal";"2021";"Groningen (PV)";185652;153
"Eengezinswoning";"Totaal";"2021";"Fryslân (PV)";245114;151
"Eengezinswoning";"Totaal";"2021";"Drenthe (PV)";182737;148
"Eengezinswoning";"Totaal";"2021";"Overijssel (PV)";385901;143
"Eengezinswoning";"Totaal";"2021";"Flevoland (PV)";136721;139
"Eengezinswoning";"Totaal";"2021";"Gelderland (PV)";683034;142
"Eengezinswoning";"Totaal";"2021";"Utrecht (PV)";372061;134
"Eengezinswoning";"Totaal";"2021";"Noord-Holland (PV)";672818;129
"Eengezinswoning";"Totaal";"2021";"Zuid-Holland (PV)";827250;130
"Eengezinswoning";"Totaal";"2021";"Zeeland (PV)";152069;132
"Eengezinswoning";"Totaal";"2021";"Noord-Brabant (PV)";863061;148
"Eengezinswoning";"Totaal";"2021";"Limburg (PV)";389381;156
"Eengezinswoning";"Totaal";"2021";"Niet in te delen (PV)";0;
"Eengezinswoning";"Totaal";"2021";"Oost-Groningen (CR)";52586;147
"Eengezinswoning";"Totaal";"2021";"Delfzijl en omgeving (CR)";18274;154
"Eengezinswoning";"Totaal";"2021";"Overig Groningen (CR)";114792;155
"Eengezinswoning";"Totaal";"2021";"Noord-Friesland (CR)";118713;147
"Eengezinswoning";"Totaal";"2021";"Zuidwest-Friesland (CR)";55874;160
"Eengezinswoning";"Totaal";"2021";"Zuidoost-Friesland (CR)";70527;149
"Eengezinswoning";"Totaal";"2021";"Noord-Drenthe (CR)";71707;152
"Eengezinswoning";"Totaal";"2021";"Zuidoost-Drenthe (CR)";63514;140
"Eengezinswoning";"Totaal";"2021";"Zuidwest-Drenthe (CR)";47516;155
"Eengezinswoning";"Totaal";"2021";"Noord-Overijssel (CR)";124031;146
"Eengezinswoning";"Totaal";"2021";"Zuidwest-Overijssel (CR)";51645;140
"Eengezinswoning";"Totaal";"2021";"Twente (CR)";210225;142
"Eengezinswoning";"Totaal";"2021";"Veluwe (CR)";219722;138
"Eengezinswoning";"Totaal";"2021";"Achterhoek (CR)";144581;152
"Eengezinswoning";"Totaal";"2021";"Arnhem/Nijmegen (CR)";231786;139
"Eengezinswoning";"Totaal";"2021";"Zuidwest-Gelderland (CR)";86945;144
"Eengezinswoning";"Totaal";"2021";"Utrecht (CR)";372061;134
"Eengezinswoning";"Totaal";"2021";"Kop van Noord-Holland (CR)";137234;135
"Eengezinswoning";"Totaal";"2021";"Alkmaar en omgeving (CR)";80662;129
"Eengezinswoning";"Totaal";"2021";"IJmond (CR)";58735;123
"Eengezinswoning";"Totaal";"2021";"Agglomeratie Haarlem (CR)";58864;133
"Eengezinswoning";"Totaal";"2021";"Zaanstreek (CR)";48860;118
"Eengezinswoning";"Totaal";"2021";"Groot-Amsterdam (CR)";208522;126
"Eengezinswoning";"Totaal";"2021";"Het Gooi en Vechtstreek (CR)";79941;138
"Eengezinswoning";"Totaal";"2021";"Agglomeratie Leiden en Bollenstreek (CR)";115153;129
"Eengezinswoning";"Totaal";"2021";"Agglomeratie 's-Gravenhage (CR)";136155;142
"Eengezinswoning";"Totaal";"2021";"Delft en Westland (CR)";58102;129
"Eengezinswoning";"Totaal";"2021";"Oost-Zuid-Holland (CR)";101464;131
"Eengezinswoning";"Totaal";"2021";"Groot-Rijnmond (CR)";310256;127
"Eengezinswoning";"Totaal";"2021";"Zuidoost-Zuid-Holland (CR)";106120;126
"Eengezinswoning";"Totaal";"2021";"Zeeuwsch-Vlaanderen (CR)";46346;137
"Eengezinswoning";"Totaal";"2021";"Overig Zeeland (CR)";105723;130
"Eengezinswoning";"Totaal";"2021";"West-Noord-Brabant (CR)";213848;141
"Eengezinswoning";"Totaal";"2021";"Midden-Noord-Brabant (CR)";162584;142
"Eengezinswoning";"Totaal";"2021";"Noordoost-Noord-Brabant (CR)";220699;153
"Eengezinswoning";"Totaal";"2021";"Zuidoost-Noord-Brabant (CR)";265930;152
"Eengezinswoning";"Totaal";"2021";"Noord-Limburg (CR)";100681;157
"Eengezinswoning";"Totaal";"2021";"Midden-Limburg (CR)";87379;162
"Eengezinswoning";"Totaal";"2021";"Zuid-Limburg (CR)";201321;153
"Eengezinswoning";"Totaal";"2021";"Flevoland (CR)";136721;139
"Eengezinswoning";"Totaal";"2021";"Niet in te delen (CR)";0;
"Eengezinswoning";"Totaal";"2021";"Amsterdam";54380;113
"Eengezinswoning";"Totaal";"2021";"'s-Gravenhage (gemeente)";56307;149
"Eengezinswoning";"Totaal";"2021";"Rotterdam";81205;123
"Eengezinswoning";"Totaal";"2021";"Utrecht (gemeente)";68405;120
"Eengezinswoning";"1000 tot 1850";"2021";"Nederland";31746;237
"Eengezinswoning";"1000 tot 1850";"2021";"Noord-Nederland (LD)";4272;309
"Eengezinswoning";"1000 tot 1850";"2021";"Oost-Nederland (LD)";5221;269
"Eengezinswoning";"1000 tot 1850";"2021";"West-Nederland (LD)";15786;190
"Eengezinswoning";"1000 tot 1850";"2021";"Zuid-Nederland (LD)";6467;277
"Eengezinswoning";"1000 tot 1850";"2021";"Niet in te delen (LD)";0;
"Eengezinswoning";"1000 tot 1850";"2021";"Groningen (PV)";918;412
"Eengezinswoning";"1000 tot 1850";"2021";"Fryslân (PV)";2715;272
"Eengezinswoning";"1000 tot 1850";"2021";"Drenthe (PV)";639;317
"Eengezinswoning";"1000 tot 1850";"2021";"Overijssel (PV)";1345;263
"Eengezinswoning";"1000 tot 1850";"2021";"Flevoland (PV)";8;
"Eengezinswoning";"1000 tot 1850";"2021";"Gelderland (PV)";3868;272
"Eengezinswoning";"1000 tot 1850";"2021";"Utrecht (PV)";2750;213
"Eengezinswoning";"1000 tot 1850";"2021";"Noord-Holland (PV)";4898;183
"Eengezinswoning";"1000 tot 1850";"2021";"Zuid-Holland (PV)";5655;184
"Eengezinswoning";"1000 tot 1850";"2021";"Zeeland (PV)";2483;195
"Eengezinswoning";"1000 tot 1850";"2021";"Noord-Brabant (PV)";2965;275
"Eengezinswoning";"1000 tot 1850";"2021";"Limburg (PV)";3502;279
"Eengezinswoning";"1000 tot 1850";"2021";"Niet in te delen (PV)";0;
"Eengezinswoning";"1000 tot 1850";"2021";"Oost-Groningen (CR)";129;434
"Eengezinswoning";"1000 tot 1850";"2021";"Delfzijl en omgeving (CR)";143;336
"Eengezinswoning";"1000 tot 1850";"2021";"Overig Groningen (CR)";646;424
"Eengezinswoning";"1000 tot 1850";"2021";"Noord-Friesland (CR)";1758;264
"Eengezinswoning";"1000 tot 1850";"2021";"Zuidwest-Friesland (CR)";738;284
"Eengezinswoning";"1000 tot 1850";"2021";"Zuidoost-Friesland (CR)";219;290
"Eengezinswoning";"1000 tot 1850";"2021";"Noord-Drenthe (CR)";244;344
"Eengezinswoning";"1000 tot 1850";"2021";"Zuidoost-Drenthe (CR)";132;265
"Eengezinswoning";"1000 tot 1850";"2021";"Zuidwest-Drenthe (CR)";263;318
"Eengezinswoning";"1000 tot 1850";"2021";"Noord-Overijssel (CR)";609;243
"Eengezinswoning";"1000 tot 1850";"2021";"Zuidwest-Overijssel (CR)";352;255
"Eengezinswoning";"1000 tot 1850";"2021";"Twente (CR)";384;302
"Eengezinswoning";"1000 tot 1850";"2021";"Veluwe (CR)";838;253
"Eengezinswoning";"1000 tot 1850";"2021";"Achterhoek (CR)";995;306
"Eengezinswoning";"1000 tot 1850";"2021";"Arnhem/Nijmegen (CR)";911;298
"Eengezinswoning";"1000 tot 1850";"2021";"Zuidwest-Gelderland (CR)";1124;234
"Eengezinswoning";"1000 tot 1850";"2021";"Utrecht (CR)";2750;213
"Eengezinswoning";"1000 tot 1850";"2021";"Kop van Noord-Holland (CR)";1249;192
"Eengezinswoning";"1000 tot 1850";"2021";"Alkmaar en omgeving (CR)";307;205
"Eengezinswoning";"1000 tot 1850";"2021";"IJmond (CR)";99;210
"Eengezinswoning";"1000 tot 1850";"2021";"Agglomeratie Haarlem (CR)";466;153
"Eengezinswoning";"1000 tot 1850";"2021";"Zaanstreek (CR)";133;168
"Eengezinswoning";"1000 tot 1850";"2021";"Groot-Amsterdam (CR)";2220;182
"Eengezinswoning";"1000 tot 1850";"2021";"Het Gooi en Vechtstreek (CR)";424;184
"Eengezinswoning";"1000 tot 1850";"2021";"Agglomeratie Leiden en Bollenstreek (CR)";1771;147
"Eengezinswoning";"1000 tot 1850";"2021";"Agglomeratie 's-Gravenhage (CR)";468;191
"Eengezinswoning";"1000 tot 1850";"2021";"Delft en Westland (CR)";517;190
"Eengezinswoning";"1000 tot 1850";"2021";"Oost-Zuid-Holland (CR)";762;204
"Eengezinswoning";"1000 tot 1850";"2021";"Groot-Rijnmond (CR)";1204;218
"Eengezinswoning";"1000 tot 1850";"2021";"Zuidoost-Zuid-Holland (CR)";933;186
"Eengezinswoning";"1000 tot 1850";"2021";"Zeeuwsch-Vlaanderen (CR)";257;236
"Eengezinswoning";"1000 tot 1850";"2021";"Overig Zeeland (CR)";2226;190
"Eengezinswoning";"1000 tot 1850";"2021";"West-Noord-Brabant (CR)";1009;252
"Eengezinswoning";"1000 tot 1850";"2021";"Midden-Noord-Brabant (CR)";461;304
"Eengezinswoning";"1000 tot 1850";"2021";"Noordoost-Noord-Brabant (CR)";1019;279
"Eengezinswoning";"1000 tot 1850";"2021";"Zuidoost-Noord-Brabant (CR)";476;286
"Eengezinswoning";"1000 tot 1850";"2021";"Noord-Limburg (CR)";311;295
"Eengezinswoning";"1000 tot 1850";"2021";"Midden-Limburg (CR)";782;309
"Eengezinswoning";"1000 tot 1850";"2021";"Zuid-Limburg (CR)";2409;267
"Eengezinswoning";"1000 tot 1850";"2021";"Flevoland (CR)";8;
"Eengezinswoning";"1000 tot 1850";"2021";"Niet in te delen (CR)";0;
"Eengezinswoning";"1000 tot 1850";"2021";"Amsterdam";1823;171
"Eengezinswoning";"1000 tot 1850";"2021";"'s-Gravenhage (gemeente)";328;167
"Eengezinswoning";"1000 tot 1850";"2021";"Rotterdam";13;
"Eengezinswoning";"1000 tot 1850";"2021";"Utrecht (gemeente)";793;155
"Eengezinswoning";"1945 tot 1955";"2021";"Nederland";245210;125
"Eengezinswoning";"1945 tot 1955";"2021";"Noord-Nederland (LD)";25985;128
"Eengezinswoning";"1945 tot 1955";"2021";"Oost-Nederland (LD)";57378;133
"Eengezinswoning";"1945 tot 1955";"2021";"West-Nederland (LD)";83089;111
"Eengezinswoning";"1945 tot 1955";"2021";"Zuid-Nederland (LD)";78758;134
"Eengezinswoning";"1945 tot 1955";"2021";"Niet in te delen (LD)";0;
"Eengezinswoning";"1945 tot 1955";"2021";"Groningen (PV)";6901;132
"Eengezinswoning";"1945 tot 1955";"2021";"Fryslân (PV)";8583;130
"Eengezinswoning";"1945 tot 1955";"2021";"Drenthe (PV)";10501;124
"Eengezinswoning";"1945 tot 1955";"2021";"Overijssel (PV)";17103;123
"Eengezinswoning";"1945 tot 1955";"2021";"Flevoland (PV)";3187;267
"Eengezinswoning";"1945 tot 1955";"2021";"Gelderland (PV)";37088;127
"Eengezinswoning";"1945 tot 1955";"2021";"Utrecht (PV)";12936;118
"Eengezinswoning";"1945 tot 1955";"2021";"Noord-Holland (PV)";30783;110
"Eengezinswoning";"1945 tot 1955";"2021";"Zuid-Holland (PV)";28940;107
"Eengezinswoning";"1945 tot 1955";"2021";"Zeeland (PV)";10430;116
"Eengezinswoning";"1945 tot 1955";"2021";"Noord-Brabant (PV)";45766;132
"Eengezinswoning";"1945 tot 1955";"2021";"Limburg (PV)";32992;137
"Eengezinswoning";"1945 tot 1955";"2021";"Niet in te delen (PV)";0;
"Eengezinswoning";"1945 tot 1955";"2021";"Oost-Groningen (CR)";2605;122
"Eengezinswoning";"1945 tot 1955";"2021";"Delfzijl en omgeving (CR)";1033;153
"Eengezinswoning";"1945 tot 1955";"2021";"Overig Groningen (CR)";3263;133
"Eengezinswoning";"1945 tot 1955";"2021";"Noord-Friesland (CR)";4141;121
"Eengezinswoning";"1945 tot 1955";"2021";"Zuidwest-Friesland (CR)";1908;144
"Eengezinswoning";"1945 tot 1955";"2021";"Zuidoost-Friesland (CR)";2534;132
"Eengezinswoning";"1945 tot 1955";"2021";"Noord-Drenthe (CR)";3496;128
"Eengezinswoning";"1945 tot 1955";"2021";"Zuidoost-Drenthe (CR)";4123;117
"Eengezinswoning";"1945 tot 1955";"2021";"Zuidwest-Drenthe (CR)";2882;129
"Eengezinswoning";"1945 tot 1955";"2021";"Noord-Overijssel (CR)";4512;138
"Eengezinswoning";"1945 tot 1955";"2021";"Zuidwest-Overijssel (CR)";2394;118
"Eengezinswoning";"1945 tot 1955";"2021";"Twente (CR)";10197;117
"Eengezinswoning";"1945 tot 1955";"2021";"Veluwe (CR)";10940;121
"Eengezinswoning";"1945 tot 1955";"2021";"Achterhoek (CR)";7528;132
"Eengezinswoning";"1945 tot 1955";"2021";"Arnhem/Nijmegen (CR)";13833;127
"Eengezinswoning";"1945 tot 1955";"2021";"Zuidwest-Gelderland (CR)";4787;132
"Eengezinswoning";"1945 tot 1955";"2021";"Utrecht (CR)";12936;118
"Eengezinswoning";"1945 tot 1955";"2021";"Kop van Noord-Holland (CR)";5506;120
"Eengezinswoning";"1945 tot 1955";"2021";"Alkmaar en omgeving (CR)";2106;123
"Eengezinswoning";"1945 tot 1955";"2021";"IJmond (CR)";4090;109
"Eengezinswoning";"1945 tot 1955";"2021";"Agglomeratie Haarlem (CR)";2926;122
"Eengezinswoning";"1945 tot 1955";"2021";"Zaanstreek (CR)";1899;93
"Eengezinswoning";"1945 tot 1955";"2021";"Groot-Amsterdam (CR)";7710;98
"Eengezinswoning";"1945 tot 1955";"2021";"Het Gooi en Vechtstreek (CR)";6546;114
"Eengezinswoning";"1945 tot 1955";"2021";"Agglomeratie Leiden en Bollenstreek (CR)";5864;106
"Eengezinswoning";"1945 tot 1955";"2021";"Agglomeratie 's-Gravenhage (CR)";3263;132
"Eengezinswoning";"1945 tot 1955";"2021";"Delft en Westland (CR)";2518;108
"Eengezinswoning";"1945 tot 1955";"2021";"Oost-Zuid-Holland (CR)";3222;103
"Eengezinswoning";"1945 tot 1955";"2021";"Groot-Rijnmond (CR)";9518;104
"Eengezinswoning";"1945 tot 1955";"2021";"Zuidoost-Zuid-Holland (CR)";4555;97
"Eengezinswoning";"1945 tot 1955";"2021";"Zeeuwsch-Vlaanderen (CR)";3588;129
"Eengezinswoning";"1945 tot 1955";"2021";"Overig Zeeland (CR)";6842;109
"Eengezinswoning";"1945 tot 1955";"2021";"West-Noord-Brabant (CR)";11808;124
"Eengezinswoning";"1945 tot 1955";"2021";"Midden-Noord-Brabant (CR)";8230;127
"Eengezinswoning";"1945 tot 1955";"2021";"Noordoost-Noord-Brabant (CR)";10914;142
"Eengezinswoning";"1945 tot 1955";"2021";"Zuidoost-Noord-Brabant (CR)";14814;132
"Eengezinswoning";"1945 tot 1955";"2021";"Noord-Limburg (CR)";6805;149
"Eengezinswoning";"1945 tot 1955";"2021";"Midden-Limburg (CR)";5688;150
"Eengezinswoning";"1945 tot 1955";"2021";"Zuid-Limburg (CR)";20499;129
"Eengezinswoning";"1945 tot 1955";"2021";"Flevoland (CR)";3187;267
"Eengezinswoning";"1945 tot 1955";"2021";"Niet in te delen (CR)";0;
"Eengezinswoning";"1945 tot 1955";"2021";"Amsterdam";3106;81
"Eengezinswoning";"1945 tot 1955";"2021";"'s-Gravenhage (gemeente)";1207;138
"Eengezinswoning";"1945 tot 1955";"2021";"Rotterdam";2361;107
"Eengezinswoning";"1945 tot 1955";"2021";"Utrecht (gemeente)";1863;99
"Eengezinswoning";"1985 tot 1995";"2021";"Nederland";695819;132
"Eengezinswoning";"1985 tot 1995";"2021";"Noord-Nederland (LD)";69376;140
"Eengezinswoning";"1985 tot 1995";"2021";"Oost-Nederland (LD)";172744;132
"Eengezinswoning";"1985 tot 1995";"2021";"West-Nederland (LD)";277622;124
"Eengezinswoning";"1985 tot 1995";"2021";"Zuid-Nederland (LD)";176077;141
"Eengezinswoning";"1985 tot 1995";"2021";"Niet in te delen (LD)";0;
"Eengezinswoning";"1985 tot 1995";"2021";"Groningen (PV)";18367;135
"Eengezinswoning";"1985 tot 1995";"2021";"Fryslân (PV)";25130;142
"Eengezinswoning";"1985 tot 1995";"2021";"Drenthe (PV)";25879;140
"Eengezinswoning";"1985 tot 1995";"2021";"Overijssel (PV)";50252;141
"Eengezinswoning";"1985 tot 1995";"2021";"Flevoland (PV)";31023;124
"Eengezinswoning";"1985 tot 1995";"2021";"Gelderland (PV)";91469;130
"Eengezinswoning";"1985 tot 1995";"2021";"Utrecht (PV)";53584;127
"Eengezinswoning";"1985 tot 1995";"2021";"Noord-Holland (PV)";92990;120
"Eengezinswoning";"1985 tot 1995";"2021";"Zuid-Holland (PV)";115658;124
"Eengezinswoning";"1985 tot 1995";"2021";"Zeeland (PV)";15390;132
"Eengezinswoning";"1985 tot 1995";"2021";"Noord-Brabant (PV)";128517;141
"Eengezinswoning";"1985 tot 1995";"2021";"Limburg (PV)";47560;143
"Eengezinswoning";"1985 tot 1995";"2021";"Niet in te delen (PV)";0;
"Eengezinswoning";"1985 tot 1995";"2021";"Oost-Groningen (CR)";4827;133
"Eengezinswoning";"1985 tot 1995";"2021";"Delfzijl en omgeving (CR)";1558;132
"Eengezinswoning";"1985 tot 1995";"2021";"Overig Groningen (CR)";11982;136
"Eengezinswoning";"1985 tot 1995";"2021";"Noord-Friesland (CR)";11193;141
"Eengezinswoning";"1985 tot 1995";"2021";"Zuidwest-Friesland (CR)";6521;149
"Eengezinswoning";"1985 tot 1995";"2021";"Zuidoost-Friesland (CR)";7416;138
"Eengezinswoning";"1985 tot 1995";"2021";"Noord-Drenthe (CR)";11238;138
"Eengezinswoning";"1985 tot 1995";"2021";"Zuidoost-Drenthe (CR)";8187;133
"Eengezinswoning";"1985 tot 1995";"2021";"Zuidwest-Drenthe (CR)";6454;153
"Eengezinswoning";"1985 tot 1995";"2021";"Noord-Overijssel (CR)";16100;140
"Eengezinswoning";"1985 tot 1995";"2021";"Zuidwest-Overijssel (CR)";7241;137
"Eengezinswoning";"1985 tot 1995";"2021";"Twente (CR)";26911;143
"Eengezinswoning";"1985 tot 1995";"2021";"Veluwe (CR)";29652;128
"Eengezinswoning";"1985 tot 1995";"2021";"Achterhoek (CR)";17863;137
"Eengezinswoning";"1985 tot 1995";"2021";"Arnhem/Nijmegen (CR)";31438;127
"Eengezinswoning";"1985 tot 1995";"2021";"Zuidwest-Gelderland (CR)";12516;137
"Eengezinswoning";"1985 tot 1995";"2021";"Utrecht (CR)";53584;127
"Eengezinswoning";"1985 tot 1995";"2021";"Kop van Noord-Holland (CR)";16504;128
"Eengezinswoning";"1985 tot 1995";"2021";"Alkmaar en omgeving (CR)";10412;125
"Eengezinswoning";"1985 tot 1995";"2021";"IJmond (CR)";9970;117
"Eengezinswoning";"1985 tot 1995";"2021";"Agglomeratie Haarlem (CR)";4903;117
"Eengezinswoning";"1985 tot 1995";"2021";"Zaanstreek (CR)";6610;114
"Eengezinswoning";"1985 tot 1995";"2021";"Groot-Amsterdam (CR)";40465;116
"Eengezinswoning";"1985 tot 1995";"2021";"Het Gooi en Vechtstreek (CR)";4126;141
"Eengezinswoning";"1985 tot 1995";"2021";"Agglomeratie Leiden en Bollenstreek (CR)";17727;124
"Eengezinswoning";"1985 tot 1995";"2021";"Agglomeratie 's-Gravenhage (CR)";15940;125
"Eengezinswoning";"1985 tot 1995";"2021";"Delft en Westland (CR)";8507;126
"Eengezinswoning";"1985 tot 1995";"2021";"Oost-Zuid-Holland (CR)";16533;128
"Eengezinswoning";"1985 tot 1995";"2021";"Groot-Rijnmond (CR)";42117;121
"Eengezinswoning";"1985 tot 1995";"2021";"Zuidoost-Zuid-Holland (CR)";14834;123
"Eengezinswoning";"1985 tot 1995";"2021";"Zeeuwsch-Vlaanderen (CR)";4293;138
"Eengezinswoning";"1985 tot 1995";"2021";"Overig Zeeland (CR)";11097;130
"Eengezinswoning";"1985 tot 1995";"2021";"West-Noord-Brabant (CR)";30500;134
"Eengezinswoning";"1985 tot 1995";"2021";"Midden-Noord-Brabant (CR)";22469;133
"Eengezinswoning";"1985 tot 1995";"2021";"Noordoost-Noord-Brabant (CR)";33172;145
"Eengezinswoning";"1985 tot 1995";"2021";"Zuidoost-Noord-Brabant (CR)";42376;146
"Eengezinswoning";"1985 tot 1995";"2021";"Noord-Limburg (CR)";14053;142
"Eengezinswoning";"1985 tot 1995";"2021";"Midden-Limburg (CR)";10661;148
"Eengezinswoning";"1985 tot 1995";"2021";"Zuid-Limburg (CR)";22846;141
"Eengezinswoning";"1985 tot 1995";"2021";"Flevoland (CR)";31023;124
"Eengezinswoning";"1985 tot 1995";"2021";"Niet in te delen (CR)";0;
"Eengezinswoning";"1985 tot 1995";"2021";"Amsterdam";10469;98
"Eengezinswoning";"1985 tot 1995";"2021";"'s-Gravenhage (gemeente)";2291;128
"Eengezinswoning";"1985 tot 1995";"2021";"Rotterdam";11415;115
"Eengezinswoning";"1985 tot 1995";"2021";"Utrecht (gemeente)";4581;107
"Eengezinswoning";"1995 tot 2005";"2021";"Nederland";535011;154
"Eengezinswoning";"1995 tot 2005";"2021";"Noord-Nederland (LD)";63084;168
"Eengezinswoning";"1995 tot 2005";"2021";"Oost-Nederland (LD)";143147;151
"Eengezinswoning";"1995 tot 2005";"2021";"West-Nederland (LD)";218681;144
"Eengezinswoning";"1995 tot 2005";"2021";"Zuid-Nederland (LD)";110099;169
"Eengezinswoning";"1995 tot 2005";"2021";"Niet in te delen (LD)";0;
"Eengezinswoning";"1995 tot 2005";"2021";"Groningen (PV)";18851;161
"Eengezinswoning";"1995 tot 2005";"2021";"Fryslân (PV)";24253;174
"Eengezinswoning";"1995 tot 2005";"2021";"Drenthe (PV)";19980;166
"Eengezinswoning";"1995 tot 2005";"2021";"Overijssel (PV)";43767;157
"Eengezinswoning";"1995 tot 2005";"2021";"Flevoland (PV)";36578;142
"Eengezinswoning";"1995 tot 2005";"2021";"Gelderland (PV)";62802;153
"Eengezinswoning";"1995 tot 2005";"2021";"Utrecht (PV)";44755;141
"Eengezinswoning";"1995 tot 2005";"2021";"Noord-Holland (PV)";66011;143
"Eengezinswoning";"1995 tot 2005";"2021";"Zuid-Holland (PV)";94628;143
"Eengezinswoning";"1995 tot 2005";"2021";"Zeeland (PV)";13287;162
"Eengezinswoning";"1995 tot 2005";"2021";"Noord-Brabant (PV)";80332;167
"Eengezinswoning";"1995 tot 2005";"2021";"Limburg (PV)";29767;172
"Eengezinswoning";"1995 tot 2005";"2021";"Niet in te delen (PV)";0;
"Eengezinswoning";"1995 tot 2005";"2021";"Oost-Groningen (CR)";4701;164
"Eengezinswoning";"1995 tot 2005";"2021";"Delfzijl en omgeving (CR)";1065;177
"Eengezinswoning";"1995 tot 2005";"2021";"Overig Groningen (CR)";13085;158
"Eengezinswoning";"1995 tot 2005";"2021";"Noord-Friesland (CR)";10002;174
"Eengezinswoning";"1995 tot 2005";"2021";"Zuidwest-Friesland (CR)";6762;175
"Eengezinswoning";"1995 tot 2005";"2021";"Zuidoost-Friesland (CR)";7489;175
"Eengezinswoning";"1995 tot 2005";"2021";"Noord-Drenthe (CR)";8089;165
"Eengezinswoning";"1995 tot 2005";"2021";"Zuidoost-Drenthe (CR)";7085;164
"Eengezinswoning";"1995 tot 2005";"2021";"Zuidwest-Drenthe (CR)";4806;171
"Eengezinswoning";"1995 tot 2005";"2021";"Noord-Overijssel (CR)";15359;155
"Eengezinswoning";"1995 tot 2005";"2021";"Zuidwest-Overijssel (CR)";6813;151
"Eengezinswoning";"1995 tot 2005";"2021";"Twente (CR)";21595;160
"Eengezinswoning";"1995 tot 2005";"2021";"Veluwe (CR)";19819;149
"Eengezinswoning";"1995 tot 2005";"2021";"Achterhoek (CR)";13112;161
"Eengezinswoning";"1995 tot 2005";"2021";"Arnhem/Nijmegen (CR)";19766;152
"Eengezinswoning";"1995 tot 2005";"2021";"Zuidwest-Gelderland (CR)";10105;153
"Eengezinswoning";"1995 tot 2005";"2021";"Utrecht (CR)";44755;141
"Eengezinswoning";"1995 tot 2005";"2021";"Kop van Noord-Holland (CR)";14776;152
"Eengezinswoning";"1995 tot 2005";"2021";"Alkmaar en omgeving (CR)";8507;140
"Eengezinswoning";"1995 tot 2005";"2021";"IJmond (CR)";4887;142
"Eengezinswoning";"1995 tot 2005";"2021";"Agglomeratie Haarlem (CR)";1781;146
"Eengezinswoning";"1995 tot 2005";"2021";"Zaanstreek (CR)";4412;139
"Eengezinswoning";"1995 tot 2005";"2021";"Groot-Amsterdam (CR)";28787;138
"Eengezinswoning";"1995 tot 2005";"2021";"Het Gooi en Vechtstreek (CR)";2861;174
"Eengezinswoning";"1995 tot 2005";"2021";"Agglomeratie Leiden en Bollenstreek (CR)";8457;151
"Eengezinswoning";"1995 tot 2005";"2021";"Agglomeratie 's-Gravenhage (CR)";28023;139
"Eengezinswoning";"1995 tot 2005";"2021";"Delft en Westland (CR)";5289;148
"Eengezinswoning";"1995 tot 2005";"2021";"Oost-Zuid-Holland (CR)";6279;158
"Eengezinswoning";"1995 tot 2005";"2021";"Groot-Rijnmond (CR)";36215;142
"Eengezinswoning";"1995 tot 2005";"2021";"Zuidoost-Zuid-Holland (CR)";10365;143
"Eengezinswoning";"1995 tot 2005";"2021";"Zeeuwsch-Vlaanderen (CR)";4001;165
"Eengezinswoning";"1995 tot 2005";"2021";"Overig Zeeland (CR)";9286;160
"Eengezinswoning";"1995 tot 2005";"2021";"West-Noord-Brabant (CR)";19604;161
"Eengezinswoning";"1995 tot 2005";"2021";"Midden-Noord-Brabant (CR)";17766;152
"Eengezinswoning";"1995 tot 2005";"2021";"Noordoost-Noord-Brabant (CR)";18751;174
"Eengezinswoning";"1995 tot 2005";"2021";"Zuidoost-Noord-Brabant (CR)";24211;179
"Eengezinswoning";"1995 tot 2005";"2021";"Noord-Limburg (CR)";9786;168
"Eengezinswoning";"1995 tot 2005";"2021";"Midden-Limburg (CR)";7162;181
"Eengezinswoning";"1995 tot 2005";"2021";"Zuid-Limburg (CR)";12819;170
"Eengezinswoning";"1995 tot 2005";"2021";"Flevoland (CR)";36578;142
"Eengezinswoning";"1995 tot 2005";"2021";"Niet in te delen (CR)";0;
"Eengezinswoning";"1995 tot 2005";"2021";"Amsterdam";7176;127
"Eengezinswoning";"1995 tot 2005";"2021";"'s-Gravenhage (gemeente)";16331;136
"Eengezinswoning";"1995 tot 2005";"2021";"Rotterdam";7245;133
"Eengezinswoning";"1995 tot 2005";"2021";"Utrecht (gemeente)";9944;121
"Eengezinswoning";"2005 tot 2015";"2021";"Nederland";330222;162
"Eengezinswoning";"2005 tot 2015";"2021";"Noord-Nederland (LD)";35286;173
"Eengezinswoning";"2005 tot 2015";"2021";"Oost-Nederland (LD)";87668;163
"Eengezinswoning";"2005 tot 2015";"2021";"West-Nederland (LD)";139743;154
"Eengezinswoning";"2005 tot 2015";"2021";"Zuid-Nederland (LD)";67525;172
"Eengezinswoning";"2005 tot 2015";"2021";"Niet in te delen (LD)";0;
"Eengezinswoning";"2005 tot 2015";"2021";"Groningen (PV)";10112;172
"Eengezinswoning";"2005 tot 2015";"2021";"Fryslân (PV)";14150;173
"Eengezinswoning";"2005 tot 2015";"2021";"Drenthe (PV)";11024;174
"Eengezinswoning";"2005 tot 2015";"2021";"Overijssel (PV)";27862;173
"Eengezinswoning";"2005 tot 2015";"2021";"Flevoland (PV)";12493;155
"Eengezinswoning";"2005 tot 2015";"2021";"Gelderland (PV)";47313;160
"Eengezinswoning";"2005 tot 2015";"2021";"Utrecht (PV)";27724;155
"Eengezinswoning";"2005 tot 2015";"2021";"Noord-Holland (PV)";42616;154
"Eengezinswoning";"2005 tot 2015";"2021";"Zuid-Holland (PV)";62127;152
"Eengezinswoning";"2005 tot 2015";"2021";"Zeeland (PV)";7276;170
"Eengezinswoning";"2005 tot 2015";"2021";"Noord-Brabant (PV)";51529;170
"Eengezinswoning";"2005 tot 2015";"2021";"Limburg (PV)";15996;178
"Eengezinswoning";"2005 tot 2015";"2021";"Niet in te delen (PV)";0;
"Eengezinswoning";"2005 tot 2015";"2021";"Oost-Groningen (CR)";2096;181
"Eengezinswoning";"2005 tot 2015";"2021";"Delfzijl en omgeving (CR)";594;189
"Eengezinswoning";"2005 tot 2015";"2021";"Overig Groningen (CR)";7422;168
"Eengezinswoning";"2005 tot 2015";"2021";"Noord-Friesland (CR)";6276;172
"Eengezinswoning";"2005 tot 2015";"2021";"Zuidwest-Friesland (CR)";3389;181
"Eengezinswoning";"2005 tot 2015";"2021";"Zuidoost-Friesland (CR)";4485;169
"Eengezinswoning";"2005 tot 2015";"2021";"Noord-Drenthe (CR)";4656;179
"Eengezinswoning";"2005 tot 2015";"2021";"Zuidoost-Drenthe (CR)";3192;165
"Eengezinswoning";"2005 tot 2015";"2021";"Zuidwest-Drenthe (CR)";3176;176
"Eengezinswoning";"2005 tot 2015";"2021";"Noord-Overijssel (CR)";11062;167
"Eengezinswoning";"2005 tot 2015";"2021";"Zuidwest-Overijssel (CR)";3797;161
"Eengezinswoning";"2005 tot 2015";"2021";"Twente (CR)";13003;181
"Eengezinswoning";"2005 tot 2015";"2021";"Veluwe (CR)";17164;162
"Eengezinswoning";"2005 tot 2015";"2021";"Achterhoek (CR)";7434;170
"Eengezinswoning";"2005 tot 2015";"2021";"Arnhem/Nijmegen (CR)";17224;155
"Eengezinswoning";"2005 tot 2015";"2021";"Zuidwest-Gelderland (CR)";5491;158
"Eengezinswoning";"2005 tot 2015";"2021";"Utrecht (CR)";27724;155
"Eengezinswoning";"2005 tot 2015";"2021";"Kop van Noord-Holland (CR)";8821;158
"Eengezinswoning";"2005 tot 2015";"2021";"Alkmaar en omgeving (CR)";4157;147
"Eengezinswoning";"2005 tot 2015";"2021";"IJmond (CR)";4646;146
"Eengezinswoning";"2005 tot 2015";"2021";"Agglomeratie Haarlem (CR)";1634;168
"Eengezinswoning";"2005 tot 2015";"2021";"Zaanstreek (CR)";4067;141
"Eengezinswoning";"2005 tot 2015";"2021";"Groot-Amsterdam (CR)";17060;154
"Eengezinswoning";"2005 tot 2015";"2021";"Het Gooi en Vechtstreek (CR)";2231;181
"Eengezinswoning";"2005 tot 2015";"2021";"Agglomeratie Leiden en Bollenstreek (CR)";6364;167
"Eengezinswoning";"2005 tot 2015";"2021";"Agglomeratie 's-Gravenhage (CR)";15587;149
"Eengezinswoning";"2005 tot 2015";"2021";"Delft en Westland (CR)";4473;161
"Eengezinswoning";"2005 tot 2015";"2021";"Oost-Zuid-Holland (CR)";5289;158
"Eengezinswoning";"2005 tot 2015";"2021";"Groot-Rijnmond (CR)";23709;148
"Eengezinswoning";"2005 tot 2015";"2021";"Zuidoost-Zuid-Holland (CR)";6705;149
"Eengezinswoning";"2005 tot 2015";"2021";"Zeeuwsch-Vlaanderen (CR)";1689;198
"Eengezinswoning";"2005 tot 2015";"2021";"Overig Zeeland (CR)";5587;162
"Eengezinswoning";"2005 tot 2015";"2021";"West-Noord-Brabant (CR)";11256;172
"Eengezinswoning";"2005 tot 2015";"2021";"Midden-Noord-Brabant (CR)";9422;160
"Eengezinswoning";"2005 tot 2015";"2021";"Noordoost-Noord-Brabant (CR)";14455;172
"Eengezinswoning";"2005 tot 2015";"2021";"Zuidoost-Noord-Brabant (CR)";16396;173
"Eengezinswoning";"2005 tot 2015";"2021";"Noord-Limburg (CR)";5636;178
"Eengezinswoning";"2005 tot 2015";"2021";"Midden-Limburg (CR)";4459;184
"Eengezinswoning";"2005 tot 2015";"2021";"Zuid-Limburg (CR)";5901;172
"Eengezinswoning";"2005 tot 2015";"2021";"Flevoland (CR)";12493;155
"Eengezinswoning";"2005 tot 2015";"2021";"Niet in te delen (CR)";0;
"Eengezinswoning";"2005 tot 2015";"2021";"Amsterdam";5853;137
"Eengezinswoning";"2005 tot 2015";"2021";"'s-Gravenhage (gemeente)";8639;143
"Eengezinswoning";"2005 tot 2015";"2021";"Rotterdam";6738;140
"Eengezinswoning";"2005 tot 2015";"2021";"Utrecht (gemeente)";9770;135
"Eengezinswoning";"2015 tot 2025";"2021";"Nederland";220010;149
"Eengezinswoning";"2015 tot 2025";"2021";"Noord-Nederland (LD)";20159;146
"Eengezinswoning";"2015 tot 2025";"2021";"Oost-Nederland (LD)";60252;149
"Eengezinswoning";"2015 tot 2025";"2021";"West-Nederland (LD)";91464;149
"Eengezinswoning";"2015 tot 2025";"2021";"Zuid-Nederland (LD)";48135;151
"Eengezinswoning";"2015 tot 2025";"2021";"Niet in te delen (LD)";0;
"Eengezinswoning";"2015 tot 2025";"2021";"Groningen (PV)";6312;145
"Eengezinswoning";"2015 tot 2025";"2021";"Fryslân (PV)";8153;146
"Eengezinswoning";"2015 tot 2025";"2021";"Drenthe (PV)";5694;149
"Eengezinswoning";"2015 tot 2025";"2021";"Overijssel (PV)";17061;156
"Eengezinswoning";"2015 tot 2025";"2021";"Flevoland (PV)";7623;145
"Eengezinswoning";"2015 tot 2025";"2021";"Gelderland (PV)";35568;147
"Eengezinswoning";"2015 tot 2025";"2021";"Utrecht (PV)";17705;150
"Eengezinswoning";"2015 tot 2025";"2021";"Noord-Holland (PV)";26413;150
"Eengezinswoning";"2015 tot 2025";"2021";"Zuid-Holland (PV)";42067;149
"Eengezinswoning";"2015 tot 2025";"2021";"Zeeland (PV)";5279;141
"Eengezinswoning";"2015 tot 2025";"2021";"Noord-Brabant (PV)";39337;151
"Eengezinswoning";"2015 tot 2025";"2021";"Limburg (PV)";8798;151
"Eengezinswoning";"2015 tot 2025";"2021";"Niet in te delen (PV)";0;
"Eengezinswoning";"2015 tot 2025";"2021";"Oost-Groningen (CR)";773;167
"Eengezinswoning";"2015 tot 2025";"2021";"Delfzijl en omgeving (CR)";721;115
"Eengezinswoning";"2015 tot 2025";"2021";"Overig Groningen (CR)";4818;145
"Eengezinswoning";"2015 tot 2025";"2021";"Noord-Friesland (CR)";4158;147
"Eengezinswoning";"2015 tot 2025";"2021";"Zuidwest-Friesland (CR)";1499;155
"Eengezinswoning";"2015 tot 2025";"2021";"Zuidoost-Friesland (CR)";2496;138
"Eengezinswoning";"2015 tot 2025";"2021";"Noord-Drenthe (CR)";2390;152
"Eengezinswoning";"2015 tot 2025";"2021";"Zuidoost-Drenthe (CR)";1384;146
"Eengezinswoning";"2015 tot 2025";"2021";"Zuidwest-Drenthe (CR)";1920;148
"Eengezinswoning";"2015 tot 2025";"2021";"Noord-Overijssel (CR)";7100;149
"Eengezinswoning";"2015 tot 2025";"2021";"Zuidwest-Overijssel (CR)";2309;151
"Eengezinswoning";"2015 tot 2025";"2021";"Twente (CR)";7652;163
"Eengezinswoning";"2015 tot 2025";"2021";"Veluwe (CR)";14108;147
"Eengezinswoning";"2015 tot 2025";"2021";"Achterhoek (CR)";4962;152
"Eengezinswoning";"2015 tot 2025";"2021";"Arnhem/Nijmegen (CR)";10922;144
"Eengezinswoning";"2015 tot 2025";"2021";"Zuidwest-Gelderland (CR)";5576;147
"Eengezinswoning";"2015 tot 2025";"2021";"Utrecht (CR)";17705;150
"Eengezinswoning";"2015 tot 2025";"2021";"Kop van Noord-Holland (CR)";4668;153
"Eengezinswoning";"2015 tot 2025";"2021";"Alkmaar en omgeving (CR)";3233;152
"Eengezinswoning";"2015 tot 2025";"2021";"IJmond (CR)";1713;149
"Eengezinswoning";"2015 tot 2025";"2021";"Agglomeratie Haarlem (CR)";1489;148
"Eengezinswoning";"2015 tot 2025";"2021";"Zaanstreek (CR)";1838;130
"Eengezinswoning";"2015 tot 2025";"2021";"Groot-Amsterdam (CR)";10381;147
"Eengezinswoning";"2015 tot 2025";"2021";"Het Gooi en Vechtstreek (CR)";3091;171
"Eengezinswoning";"2015 tot 2025";"2021";"Agglomeratie Leiden en Bollenstreek (CR)";5567;151
"Eengezinswoning";"2015 tot 2025";"2021";"Agglomeratie 's-Gravenhage (CR)";6785;156
"Eengezinswoning";"2015 tot 2025";"2021";"Delft en Westland (CR)";4181;150
"Eengezinswoning";"2015 tot 2025";"2021";"Oost-Zuid-Holland (CR)";6274;147
"Eengezinswoning";"2015 tot 2025";"2021";"Groot-Rijnmond (CR)";14763;146
"Eengezinswoning";"2015 tot 2025";"2021";"Zuidoost-Zuid-Holland (CR)";4497;146
"Eengezinswoning";"2015 tot 2025";"2021";"Zeeuwsch-Vlaanderen (CR)";1287;142
"Eengezinswoning";"2015 tot 2025";"2021";"Overig Zeeland (CR)";3992;140
"Eengezinswoning";"2015 tot 2025";"2021";"West-Noord-Brabant (CR)";6825;154
"Eengezinswoning";"2015 tot 2025";"2021";"Midden-Noord-Brabant (CR)";8278;146
"Eengezinswoning";"2015 tot 2025";"2021";"Noordoost-Noord-Brabant (CR)";11405;154
"Eengezinswoning";"2015 tot 2025";"2021";"Zuidoost-Noord-Brabant (CR)";12829;149
"Eengezinswoning";"2015 tot 2025";"2021";"Noord-Limburg (CR)";3058;149
"Eengezinswoning";"2015 tot 2025";"2021";"Midden-Limburg (CR)";2604;152
"Eengezinswoning";"2015 tot 2025";"2021";"Zuid-Limburg (CR)";3136;152
"Eengezinswoning";"2015 tot 2025";"2021";"Flevoland (CR)";7623;145
"Eengezinswoning";"2015 tot 2025";"2021";"Niet in te delen (CR)";0;
"Eengezinswoning";"2015 tot 2025";"2021";"Amsterdam";3571;144
"Eengezinswoning";"2015 tot 2025";"2021";"'s-Gravenhage (gemeente)";2661;156
"Eengezinswoning";"2015 tot 2025";"2021";"Rotterdam";3964;143
"Eengezinswoning";"2015 tot 2025";"2021";"Utrecht (gemeente)";4598;140
"Meergezinswoning";"Totaal";"2021";"Nederland";2870532;80
"Meergezinswoning";"Totaal";"2021";"Noord-Nederland (LD)";200758;84
"Meergezinswoning";"Totaal";"2021";"Oost-Nederland (LD)";406520;86
"Meergezinswoning";"Totaal";"2021";"West-Nederland (LD)";1827653;78
"Meergezinswoning";"Totaal";"2021";"Zuid-Nederland (LD)";435601;85
"Meergezinswoning";"Totaal";"2021";"Niet in te delen (LD)";0;
"Meergezinswoning";"Totaal";"2021";"Groningen (PV)";99360;83
"Meergezinswoning";"Totaal";"2021";"Fryslân (PV)";59579;81
"Meergezinswoning";"Totaal";"2021";"Drenthe (PV)";41819;89
"Meergezinswoning";"Totaal";"2021";"Overijssel (PV)";129092;86
"Meergezinswoning";"Totaal";"2021";"Flevoland (PV)";37938;80
"Meergezinswoning";"Totaal";"2021";"Gelderland (PV)";239490;86
"Meergezinswoning";"Totaal";"2021";"Utrecht (PV)";221738;80
"Meergezinswoning";"Totaal";"2021";"Noord-Holland (PV)";686982;75
"Meergezinswoning";"Totaal";"2021";"Zuid-Holland (PV)";882442;80
"Meergezinswoning";"Totaal";"2021";"Zeeland (PV)";36491;84
"Meergezinswoning";"Totaal";"2021";"Noord-Brabant (PV)";288365;83
"Meergezinswoning";"Totaal";"2021";"Limburg (PV)";147236;89
"Meergezinswoning";"Totaal";"2021";"Niet in te delen (PV)";0;
"Meergezinswoning";"Totaal";"2021";"Oost-Groningen (CR)";11895;106
"Meergezinswoning";"Totaal";"2021";"Delfzijl en omgeving (CR)";4809;81
"Meergezinswoning";"Totaal";"2021";"Overig Groningen (CR)";82656;80
"Meergezinswoning";"Totaal";"2021";"Noord-Friesland (CR)";34041;76
"Meergezinswoning";"Totaal";"2021";"Zuidwest-Friesland (CR)";10087;93
"Meergezinswoning";"Totaal";"2021";"Zuidoost-Friesland (CR)";15451;84
"Meergezinswoning";"Totaal";"2021";"Noord-Drenthe (CR)";15902;83
"Meergezinswoning";"Totaal";"2021";"Zuidoost-Drenthe (CR)";12818;100
"Meergezinswoning";"Totaal";"2021";"Zuidwest-Drenthe (CR)";13099;85
"Meergezinswoning";"Totaal";"2021";"Noord-Overijssel (CR)";38356;86
"Meergezinswoning";"Totaal";"2021";"Zuidwest-Overijssel (CR)";18456;85
"Meergezinswoning";"Totaal";"2021";"Twente (CR)";72280;86
"Meergezinswoning";"Totaal";"2021";"Veluwe (CR)";78143;83
"Meergezinswoning";"Totaal";"2021";"Achterhoek (CR)";36659;99
"Meergezinswoning";"Totaal";"2021";"Arnhem/Nijmegen (CR)";109358;84
"Meergezinswoning";"Totaal";"2021";"Zuidwest-Gelderland (CR)";15330;89
"Meergezinswoning";"Totaal";"2021";"Utrecht (CR)";221738;80
"Meergezinswoning";"Totaal";"2021";"Kop van Noord-Holland (CR)";33487;83
"Meergezinswoning";"Totaal";"2021";"Alkmaar en omgeving (CR)";33498;79
"Meergezinswoning";"Totaal";"2021";"IJmond (CR)";31781;79
"Meergezinswoning";"Totaal";"2021";"Agglomeratie Haarlem (CR)";51026;82
"Meergezinswoning";"Totaal";"2021";"Zaanstreek (CR)";27173;80
"Meergezinswoning";"Totaal";"2021";"Groot-Amsterdam (CR)";470263;72
"Meergezinswoning";"Totaal";"2021";"Het Gooi en Vechtstreek (CR)";39754;76
"Meergezinswoning";"Totaal";"2021";"Agglomeratie Leiden en Bollenstreek (CR)";79762;80
"Meergezinswoning";"Totaal";"2021";"Agglomeratie 's-Gravenhage (CR)";284484;80
"Meergezinswoning";"Totaal";"2021";"Delft en Westland (CR)";47345;76
"Meergezinswoning";"Totaal";"2021";"Oost-Zuid-Holland (CR)";44230;81
"Meergezinswoning";"Totaal";"2021";"Groot-Rijnmond (CR)";367761;80
"Meergezinswoning";"Totaal";"2021";"Zuidoost-Zuid-Holland (CR)";58860;80
"Meergezinswoning";"Totaal";"2021";"Zeeuwsch-Vlaanderen (CR)";8504;90
"Meergezinswoning";"Totaal";"2021";"Overig Zeeland (CR)";27987;82
"Meergezinswoning";"Totaal";"2021";"West-Noord-Brabant (CR)";73856;82
"Meergezinswoning";"Totaal";"2021";"Midden-Noord-Brabant (CR)";56562;79
"Meergezinswoning";"Totaal";"2021";"Noordoost-Noord-Brabant (CR)";69981;86
"Meergezinswoning";"Totaal";"2021";"Zuidoost-Noord-Brabant (CR)";87966;84
"Meergezinswoning";"Totaal";"2021";"Noord-Limburg (CR)";25882;91
"Meergezinswoning";"Totaal";"2021";"Midden-Limburg (CR)";22529;91
"Meergezinswoning";"Totaal";"2021";"Zuid-Limburg (CR)";98825;87
"Meergezinswoning";"Totaal";"2021";"Flevoland (CR)";37938;80
"Meergezinswoning";"Totaal";"2021";"Niet in te delen (CR)";0;
"Meergezinswoning";"Totaal";"2021";"Amsterdam";395609;71
"Meergezinswoning";"Totaal";"2021";"'s-Gravenhage (gemeente)";209652;79
"Meergezinswoning";"Totaal";"2021";"Rotterdam";236740;79
"Meergezinswoning";"Totaal";"2021";"Utrecht (gemeente)";91266;78
"Meergezinswoning";"1000 tot 1850";"2021";"Nederland";41926;93
"Meergezinswoning";"1000 tot 1850";"2021";"Noord-Nederland (LD)";1589;109
"Meergezinswoning";"1000 tot 1850";"2021";"Oost-Nederland (LD)";2976;123
"Meergezinswoning";"1000 tot 1850";"2021";"West-Nederland (LD)";32369;85
"Meergezinswoning";"1000 tot 1850";"2021";"Zuid-Nederland (LD)";4992;117
"Meergezinswoning";"1000 tot 1850";"2021";"Niet in te delen (LD)";0;
"Meergezinswoning";"1000 tot 1850";"2021";"Groningen (PV)";343;102
"Meergezinswoning";"1000 tot 1850";"2021";"Fryslân (PV)";1056;101
"Meergezinswoning";"1000 tot 1850";"2021";"Drenthe (PV)";190;166
"Meergezinswoning";"1000 tot 1850";"2021";"Overijssel (PV)";1090;110
"Meergezinswoning";"1000 tot 1850";"2021";"Flevoland (PV)";0;
"Meergezinswoning";"1000 tot 1850";"2021";"Gelderland (PV)";1886;130
"Meergezinswoning";"1000 tot 1850";"2021";"Utrecht (PV)";2827;98
"Meergezinswoning";"1000 tot 1850";"2021";"Noord-Holland (PV)";21482;80
"Meergezinswoning";"1000 tot 1850";"2021";"Zuid-Holland (PV)";7143;96
"Meergezinswoning";"1000 tot 1850";"2021";"Zeeland (PV)";917;100
"Meergezinswoning";"1000 tot 1850";"2021";"Noord-Brabant (PV)";1717;124
"Meergezinswoning";"1000 tot 1850";"2021";"Limburg (PV)";3275;113
"Meergezinswoning";"1000 tot 1850";"2021";"Niet in te delen (PV)";0;
"Meergezinswoning";"1000 tot 1850";"2021";"Oost-Groningen (CR)";3;
"Meergezinswoning";"1000 tot 1850";"2021";"Delfzijl en omgeving (CR)";36;74
"Meergezinswoning";"1000 tot 1850";"2021";"Overig Groningen (CR)";304;101
"Meergezinswoning";"1000 tot 1850";"2021";"Noord-Friesland (CR)";781;94
"Meergezinswoning";"1000 tot 1850";"2021";"Zuidwest-Friesland (CR)";233;127
"Meergezinswoning";"1000 tot 1850";"2021";"Zuidoost-Friesland (CR)";42;93
"Meergezinswoning";"1000 tot 1850";"2021";"Noord-Drenthe (CR)";66;140
"Meergezinswoning";"1000 tot 1850";"2021";"Zuidoost-Drenthe (CR)";18;
"Meergezinswoning";"1000 tot 1850";"2021";"Zuidwest-Drenthe (CR)";106;176
"Meergezinswoning";"1000 tot 1850";"2021";"Noord-Overijssel (CR)";597;85
"Meergezinswoning";"1000 tot 1850";"2021";"Zuidwest-Overijssel (CR)";391;120
"Meergezinswoning";"1000 tot 1850";"2021";"Twente (CR)";102;221
"Meergezinswoning";"1000 tot 1850";"2021";"Veluwe (CR)";515;120
"Meergezinswoning";"1000 tot 1850";"2021";"Achterhoek (CR)";650;127
"Meergezinswoning";"1000 tot 1850";"2021";"Arnhem/Nijmegen (CR)";370;143
"Meergezinswoning";"1000 tot 1850";"2021";"Zuidwest-Gelderland (CR)";351;137
"Meergezinswoning";"1000 tot 1850";"2021";"Utrecht (CR)";2827;98
"Meergezinswoning";"1000 tot 1850";"2021";"Kop van Noord-Holland (CR)";549;99
"Meergezinswoning";"1000 tot 1850";"2021";"Alkmaar en omgeving (CR)";131;100
"Meergezinswoning";"1000 tot 1850";"2021";"IJmond (CR)";38;146
"Meergezinswoning";"1000 tot 1850";"2021";"Agglomeratie Haarlem (CR)";756;96
"Meergezinswoning";"1000 tot 1850";"2021";"Zaanstreek (CR)";58;101
"Meergezinswoning";"1000 tot 1850";"2021";"Groot-Amsterdam (CR)";19718;78
"Meergezinswoning";"1000 tot 1850";"2021";"Het Gooi en Vechtstreek (CR)";232;112
"Meergezinswoning";"1000 tot 1850";"2021";"Agglomeratie Leiden en Bollenstreek (CR)";2995;82
"Meergezinswoning";"1000 tot 1850";"2021";"Agglomeratie 's-Gravenhage (CR)";1216;98
"Meergezinswoning";"1000 tot 1850";"2021";"Delft en Westland (CR)";881;113
"Meergezinswoning";"1000 tot 1850";"2021";"Oost-Zuid-Holland (CR)";603;103
"Meergezinswoning";"1000 tot 1850";"2021";"Groot-Rijnmond (CR)";466;114
"Meergezinswoning";"1000 tot 1850";"2021";"Zuidoost-Zuid-Holland (CR)";982;106
"Meergezinswoning";"1000 tot 1850";"2021";"Zeeuwsch-Vlaanderen (CR)";21;132
"Meergezinswoning";"1000 tot 1850";"2021";"Overig Zeeland (CR)";896;99
"Meergezinswoning";"1000 tot 1850";"2021";"West-Noord-Brabant (CR)";524;134
"Meergezinswoning";"1000 tot 1850";"2021";"Midden-Noord-Brabant (CR)";172;99
"Meergezinswoning";"1000 tot 1850";"2021";"Noordoost-Noord-Brabant (CR)";911;112
"Meergezinswoning";"1000 tot 1850";"2021";"Zuidoost-Noord-Brabant (CR)";110;209
"Meergezinswoning";"1000 tot 1850";"2021";"Noord-Limburg (CR)";96;174
"Meergezinswoning";"1000 tot 1850";"2021";"Midden-Limburg (CR)";235;175
"Meergezinswoning";"1000 tot 1850";"2021";"Zuid-Limburg (CR)";2944;107
"Meergezinswoning";"1000 tot 1850";"2021";"Flevoland (CR)";0;
"Meergezinswoning";"1000 tot 1850";"2021";"Niet in te delen (CR)";0;
"Meergezinswoning";"1000 tot 1850";"2021";"Amsterdam";19632;77
"Meergezinswoning";"1000 tot 1850";"2021";"'s-Gravenhage (gemeente)";1121;96
"Meergezinswoning";"1000 tot 1850";"2021";"Rotterdam";8;
"Meergezinswoning";"1000 tot 1850";"2021";"Utrecht (gemeente)";1826;91
"Meergezinswoning";"1945 tot 1955";"2021";"Nederland";112056;73
"Meergezinswoning";"1945 tot 1955";"2021";"Noord-Nederland (LD)";7720;78
"Meergezinswoning";"1945 tot 1955";"2021";"Oost-Nederland (LD)";15023;84
"Meergezinswoning";"1945 tot 1955";"2021";"West-Nederland (LD)";74835;67
"Meergezinswoning";"1945 tot 1955";"2021";"Zuid-Nederland (LD)";14478;87
"Meergezinswoning";"1945 tot 1955";"2021";"Niet in te delen (LD)";0;
"Meergezinswoning";"1945 tot 1955";"2021";"Groningen (PV)";5141;77
"Meergezinswoning";"1945 tot 1955";"2021";"Fryslân (PV)";1894;73
"Meergezinswoning";"1945 tot 1955";"2021";"Drenthe (PV)";685;102
"Meergezinswoning";"1945 tot 1955";"2021";"Overijssel (PV)";5541;79
"Meergezinswoning";"1945 tot 1955";"2021";"Flevoland (PV)";85;131
"Meergezinswoning";"1945 tot 1955";"2021";"Gelderland (PV)";9397;87
"Meergezinswoning";"1945 tot 1955";"2021";"Utrecht (PV)";6842;72
"Meergezinswoning";"1945 tot 1955";"2021";"Noord-Holland (PV)";23185;64
"Meergezinswoning";"1945 tot 1955";"2021";"Zuid-Holland (PV)";43560;68
"Meergezinswoning";"1945 tot 1955";"2021";"Zeeland (PV)";1248;86
"Meergezinswoning";"1945 tot 1955";"2021";"Noord-Brabant (PV)";9707;84
"Meergezinswoning";"1945 tot 1955";"2021";"Limburg (PV)";4771;92
"Meergezinswoning";"1945 tot 1955";"2021";"Niet in te delen (PV)";0;
"Meergezinswoning";"1945 tot 1955";"2021";"Oost-Groningen (CR)";333;113
"Meergezinswoning";"1945 tot 1955";"2021";"Delfzijl en omgeving (CR)";164;71
"Meergezinswoning";"1945 tot 1955";"2021";"Overig Groningen (CR)";4644;74
"Meergezinswoning";"1945 tot 1955";"2021";"Noord-Friesland (CR)";1610;71
"Meergezinswoning";"1945 tot 1955";"2021";"Zuidwest-Friesland (CR)";146;73
"Meergezinswoning";"1945 tot 1955";"2021";"Zuidoost-Friesland (CR)";138;100
"Meergezinswoning";"1945 tot 1955";"2021";"Noord-Drenthe (CR)";442;90
"Meergezinswoning";"1945 tot 1955";"2021";"Zuidoost-Drenthe (CR)";109;132
"Meergezinswoning";"1945 tot 1955";"2021";"Zuidwest-Drenthe (CR)";134;117
"Meergezinswoning";"1945 tot 1955";"2021";"Noord-Overijssel (CR)";1299;80
"Meergezinswoning";"1945 tot 1955";"2021";"Zuidwest-Overijssel (CR)";749;88
"Meergezinswoning";"1945 tot 1955";"2021";"Twente (CR)";3493;77
"Meergezinswoning";"1945 tot 1955";"2021";"Veluwe (CR)";2253;84
"Meergezinswoning";"1945 tot 1955";"2021";"Achterhoek (CR)";1058;119
"Meergezinswoning";"1945 tot 1955";"2021";"Arnhem/Nijmegen (CR)";5689;80
"Meergezinswoning";"1945 tot 1955";"2021";"Zuidwest-Gelderland (CR)";397;113
"Meergezinswoning";"1945 tot 1955";"2021";"Utrecht (CR)";6842;72
"Meergezinswoning";"1945 tot 1955";"2021";"Kop van Noord-Holland (CR)";874;90
"Meergezinswoning";"1945 tot 1955";"2021";"Alkmaar en omgeving (CR)";535;76
"Meergezinswoning";"1945 tot 1955";"2021";"IJmond (CR)";2496;75
"Meergezinswoning";"1945 tot 1955";"2021";"Agglomeratie Haarlem (CR)";1875;66
"Meergezinswoning";"1945 tot 1955";"2021";"Zaanstreek (CR)";995;71
"Meergezinswoning";"1945 tot 1955";"2021";"Groot-Amsterdam (CR)";14278;60
"Meergezinswoning";"1945 tot 1955";"2021";"Het Gooi en Vechtstreek (CR)";2132;66
"Meergezinswoning";"1945 tot 1955";"2021";"Agglomeratie Leiden en Bollenstreek (CR)";2526;75
"Meergezinswoning";"1945 tot 1955";"2021";"Agglomeratie 's-Gravenhage (CR)";17588;68
"Meergezinswoning";"1945 tot 1955";"2021";"Delft en Westland (CR)";1160;64
"Meergezinswoning";"1945 tot 1955";"2021";"Oost-Zuid-Holland (CR)";1363;70
"Meergezinswoning";"1945 tot 1955";"2021";"Groot-Rijnmond (CR)";19043;66
"Meergezinswoning";"1945 tot 1955";"2021";"Zuidoost-Zuid-Holland (CR)";1880;67
"Meergezinswoning";"1945 tot 1955";"2021";"Zeeuwsch-Vlaanderen (CR)";132;134
"Meergezinswoning";"1945 tot 1955";"2021";"Overig Zeeland (CR)";1116;80
"Meergezinswoning";"1945 tot 1955";"2021";"West-Noord-Brabant (CR)";2171;82
"Meergezinswoning";"1945 tot 1955";"2021";"Midden-Noord-Brabant (CR)";1323;75
"Meergezinswoning";"1945 tot 1955";"2021";"Noordoost-Noord-Brabant (CR)";3167;88
"Meergezinswoning";"1945 tot 1955";"2021";"Zuidoost-Noord-Brabant (CR)";3046;87
"Meergezinswoning";"1945 tot 1955";"2021";"Noord-Limburg (CR)";707;120
"Meergezinswoning";"1945 tot 1955";"2021";"Midden-Limburg (CR)";817;92
"Meergezinswoning";"1945 tot 1955";"2021";"Zuid-Limburg (CR)";3247;86
"Meergezinswoning";"1945 tot 1955";"2021";"Flevoland (CR)";85;131
"Meergezinswoning";"1945 tot 1955";"2021";"Niet in te delen (CR)";0;
"Meergezinswoning";"1945 tot 1955";"2021";"Amsterdam";12904;57
"Meergezinswoning";"1945 tot 1955";"2021";"'s-Gravenhage (gemeente)";14873;68
"Meergezinswoning";"1945 tot 1955";"2021";"Rotterdam";14768;66
"Meergezinswoning";"1945 tot 1955";"2021";"Utrecht (gemeente)";3294;69
"Meergezinswoning";"1985 tot 1995";"2021";"Nederland";328969;75
"Meergezinswoning";"1985 tot 1995";"2021";"Noord-Nederland (LD)";24756;77
"Meergezinswoning";"1985 tot 1995";"2021";"Oost-Nederland (LD)";53533;74
"Meergezinswoning";"1985 tot 1995";"2021";"West-Nederland (LD)";192995;74
"Meergezinswoning";"1985 tot 1995";"2021";"Zuid-Nederland (LD)";57685;78
"Meergezinswoning";"1985 tot 1995";"2021";"Niet in te delen (LD)";0;
"Meergezinswoning";"1985 tot 1995";"2021";"Groningen (PV)";9216;81
"Meergezinswoning";"1985 tot 1995";"2021";"Fryslân (PV)";8732;70
"Meergezinswoning";"1985 tot 1995";"2021";"Drenthe (PV)";6808;81
"Meergezinswoning";"1985 tot 1995";"2021";"Overijssel (PV)";16469;76
"Meergezinswoning";"1985 tot 1995";"2021";"Flevoland (PV)";8827;72
"Meergezinswoning";"1985 tot 1995";"2021";"Gelderland (PV)";28237;73
"Meergezinswoning";"1985 tot 1995";"2021";"Utrecht (PV)";25255;76
"Meergezinswoning";"1985 tot 1995";"2021";"Noord-Holland (PV)";69468;72
"Meergezinswoning";"1985 tot 1995";"2021";"Zuid-Holland (PV)";94011;76
"Meergezinswoning";"1985 tot 1995";"2021";"Zeeland (PV)";4261;75
"Meergezinswoning";"1985 tot 1995";"2021";"Noord-Brabant (PV)";37531;75
"Meergezinswoning";"1985 tot 1995";"2021";"Limburg (PV)";20154;84
"Meergezinswoning";"1985 tot 1995";"2021";"Niet in te delen (PV)";0;
"Meergezinswoning";"1985 tot 1995";"2021";"Oost-Groningen (CR)";1948;83
"Meergezinswoning";"1985 tot 1995";"2021";"Delfzijl en omgeving (CR)";426;73
"Meergezinswoning";"1985 tot 1995";"2021";"Overig Groningen (CR)";6842;81
"Meergezinswoning";"1985 tot 1995";"2021";"Noord-Friesland (CR)";4535;64
"Meergezinswoning";"1985 tot 1995";"2021";"Zuidwest-Friesland (CR)";1558;79
"Meergezinswoning";"1985 tot 1995";"2021";"Zuidoost-Friesland (CR)";2639;73
"Meergezinswoning";"1985 tot 1995";"2021";"Noord-Drenthe (CR)";2067;76
"Meergezinswoning";"1985 tot 1995";"2021";"Zuidoost-Drenthe (CR)";2609;92
"Meergezinswoning";"1985 tot 1995";"2021";"Zuidwest-Drenthe (CR)";2132;72
"Meergezinswoning";"1985 tot 1995";"2021";"Noord-Overijssel (CR)";4784;76
"Meergezinswoning";"1985 tot 1995";"2021";"Zuidwest-Overijssel (CR)";1929;74
"Meergezinswoning";"1985 tot 1995";"2021";"Twente (CR)";9756;77
"Meergezinswoning";"1985 tot 1995";"2021";"Veluwe (CR)";9385;72
"Meergezinswoning";"1985 tot 1995";"2021";"Achterhoek (CR)";4737;77
"Meergezinswoning";"1985 tot 1995";"2021";"Arnhem/Nijmegen (CR)";12378;72
"Meergezinswoning";"1985 tot 1995";"2021";"Zuidwest-Gelderland (CR)";1737;74
"Meergezinswoning";"1985 tot 1995";"2021";"Utrecht (CR)";25255;76
"Meergezinswoning";"1985 tot 1995";"2021";"Kop van Noord-Holland (CR)";5086;68
"Meergezinswoning";"1985 tot 1995";"2021";"Alkmaar en omgeving (CR)";3420;75
"Meergezinswoning";"1985 tot 1995";"2021";"IJmond (CR)";3891;76
"Meergezinswoning";"1985 tot 1995";"2021";"Agglomeratie Haarlem (CR)";4522;74
"Meergezinswoning";"1985 tot 1995";"2021";"Zaanstreek (CR)";2599;74
"Meergezinswoning";"1985 tot 1995";"2021";"Groot-Amsterdam (CR)";44927;72
"Meergezinswoning";"1985 tot 1995";"2021";"Het Gooi en Vechtstreek (CR)";5023;70
"Meergezinswoning";"1985 tot 1995";"2021";"Agglomeratie Leiden en Bollenstreek (CR)";8476;77
"Meergezinswoning";"1985 tot 1995";"2021";"Agglomeratie 's-Gravenhage (CR)";28260;76
"Meergezinswoning";"1985 tot 1995";"2021";"Delft en Westland (CR)";5429;70
"Meergezinswoning";"1985 tot 1995";"2021";"Oost-Zuid-Holland (CR)";5770;73
"Meergezinswoning";"1985 tot 1995";"2021";"Groot-Rijnmond (CR)";40099;77
"Meergezinswoning";"1985 tot 1995";"2021";"Zuidoost-Zuid-Holland (CR)";5977;75
"Meergezinswoning";"1985 tot 1995";"2021";"Zeeuwsch-Vlaanderen (CR)";1310;79
"Meergezinswoning";"1985 tot 1995";"2021";"Overig Zeeland (CR)";2951;73
"Meergezinswoning";"1985 tot 1995";"2021";"West-Noord-Brabant (CR)";9583;74
"Meergezinswoning";"1985 tot 1995";"2021";"Midden-Noord-Brabant (CR)";6000;76
"Meergezinswoning";"1985 tot 1995";"2021";"Noordoost-Noord-Brabant (CR)";10147;73
"Meergezinswoning";"1985 tot 1995";"2021";"Zuidoost-Noord-Brabant (CR)";11801;76
"Meergezinswoning";"1985 tot 1995";"2021";"Noord-Limburg (CR)";3569;79
"Meergezinswoning";"1985 tot 1995";"2021";"Midden-Limburg (CR)";3674;76
"Meergezinswoning";"1985 tot 1995";"2021";"Zuid-Limburg (CR)";12911;87
"Meergezinswoning";"1985 tot 1995";"2021";"Flevoland (CR)";8827;72
"Meergezinswoning";"1985 tot 1995";"2021";"Niet in te delen (CR)";0;
"Meergezinswoning";"1985 tot 1995";"2021";"Amsterdam";34641;70
"Meergezinswoning";"1985 tot 1995";"2021";"'s-Gravenhage (gemeente)";20266;75
"Meergezinswoning";"1985 tot 1995";"2021";"Rotterdam";28551;77
"Meergezinswoning";"1985 tot 1995";"2021";"Utrecht (gemeente)";7587;74
"Meergezinswoning";"1995 tot 2005";"2021";"Nederland";299918;90
"Meergezinswoning";"1995 tot 2005";"2021";"Noord-Nederland (LD)";21343;102
"Meergezinswoning";"1995 tot 2005";"2021";"Oost-Nederland (LD)";55741;89
"Meergezinswoning";"1995 tot 2005";"2021";"West-Nederland (LD)";162624;89
"Meergezinswoning";"1995 tot 2005";"2021";"Zuid-Nederland (LD)";60210;92
"Meergezinswoning";"1995 tot 2005";"2021";"Niet in te delen (LD)";0;
"Meergezinswoning";"1995 tot 2005";"2021";"Groningen (PV)";7851;103
"Meergezinswoning";"1995 tot 2005";"2021";"Fryslân (PV)";7118;92
"Meergezinswoning";"1995 tot 2005";"2021";"Drenthe (PV)";6374;110
"Meergezinswoning";"1995 tot 2005";"2021";"Overijssel (PV)";18720;91
"Meergezinswoning";"1995 tot 2005";"2021";"Flevoland (PV)";8188;91
"Meergezinswoning";"1995 tot 2005";"2021";"Gelderland (PV)";28833;87
"Meergezinswoning";"1995 tot 2005";"2021";"Utrecht (PV)";22864;89
"Meergezinswoning";"1995 tot 2005";"2021";"Noord-Holland (PV)";59965;87
"Meergezinswoning";"1995 tot 2005";"2021";"Zuid-Holland (PV)";74717;90
"Meergezinswoning";"1995 tot 2005";"2021";"Zeeland (PV)";5078;97
"Meergezinswoning";"1995 tot 2005";"2021";"Noord-Brabant (PV)";43605;90
"Meergezinswoning";"1995 tot 2005";"2021";"Limburg (PV)";16605;95
"Meergezinswoning";"1995 tot 2005";"2021";"Niet in te delen (PV)";0;
"Meergezinswoning";"1995 tot 2005";"2021";"Oost-Groningen (CR)";2491;130
"Meergezinswoning";"1995 tot 2005";"2021";"Delfzijl en omgeving (CR)";617;77
"Meergezinswoning";"1995 tot 2005";"2021";"Overig Groningen (CR)";4743;93
"Meergezinswoning";"1995 tot 2005";"2021";"Noord-Friesland (CR)";3054;86
"Meergezinswoning";"1995 tot 2005";"2021";"Zuidwest-Friesland (CR)";1478;102
"Meergezinswoning";"1995 tot 2005";"2021";"Zuidoost-Friesland (CR)";2586;92
"Meergezinswoning";"1995 tot 2005";"2021";"Noord-Drenthe (CR)";2411;89
"Meergezinswoning";"1995 tot 2005";"2021";"Zuidoost-Drenthe (CR)";2116;152
"Meergezinswoning";"1995 tot 2005";"2021";"Zuidwest-Drenthe (CR)";1847;91
"Meergezinswoning";"1995 tot 2005";"2021";"Noord-Overijssel (CR)";5667;89
"Meergezinswoning";"1995 tot 2005";"2021";"Zuidwest-Overijssel (CR)";2519;92
"Meergezinswoning";"1995 tot 2005";"2021";"Twente (CR)";10534;92
"Meergezinswoning";"1995 tot 2005";"2021";"Veluwe (CR)";10813;86
"Meergezinswoning";"1995 tot 2005";"2021";"Achterhoek (CR)";5345;90
"Meergezinswoning";"1995 tot 2005";"2021";"Arnhem/Nijmegen (CR)";10148;87
"Meergezinswoning";"1995 tot 2005";"2021";"Zuidwest-Gelderland (CR)";2527;83
"Meergezinswoning";"1995 tot 2005";"2021";"Utrecht (CR)";22864;89
"Meergezinswoning";"1995 tot 2005";"2021";"Kop van Noord-Holland (CR)";5789;85
"Meergezinswoning";"1995 tot 2005";"2021";"Alkmaar en omgeving (CR)";5784;83
"Meergezinswoning";"1995 tot 2005";"2021";"IJmond (CR)";3733;83
"Meergezinswoning";"1995 tot 2005";"2021";"Agglomeratie Haarlem (CR)";3413;88
"Meergezinswoning";"1995 tot 2005";"2021";"Zaanstreek (CR)";2468;89
"Meergezinswoning";"1995 tot 2005";"2021";"Groot-Amsterdam (CR)";34629;87
"Meergezinswoning";"1995 tot 2005";"2021";"Het Gooi en Vechtstreek (CR)";4149;92
"Meergezinswoning";"1995 tot 2005";"2021";"Agglomeratie Leiden en Bollenstreek (CR)";7149;90
"Meergezinswoning";"1995 tot 2005";"2021";"Agglomeratie 's-Gravenhage (CR)";21078;89
"Meergezinswoning";"1995 tot 2005";"2021";"Delft en Westland (CR)";3785;88
"Meergezinswoning";"1995 tot 2005";"2021";"Oost-Zuid-Holland (CR)";4308;88
"Meergezinswoning";"1995 tot 2005";"2021";"Groot-Rijnmond (CR)";33399;91
"Meergezinswoning";"1995 tot 2005";"2021";"Zuidoost-Zuid-Holland (CR)";4998;94
"Meergezinswoning";"1995 tot 2005";"2021";"Zeeuwsch-Vlaanderen (CR)";1538;103
"Meergezinswoning";"1995 tot 2005";"2021";"Overig Zeeland (CR)";3540;94
"Meergezinswoning";"1995 tot 2005";"2021";"West-Noord-Brabant (CR)";11600;87
"Meergezinswoning";"1995 tot 2005";"2021";"Midden-Noord-Brabant (CR)";8281;89
"Meergezinswoning";"1995 tot 2005";"2021";"Noordoost-Noord-Brabant (CR)";11032;91
"Meergezinswoning";"1995 tot 2005";"2021";"Zuidoost-Noord-Brabant (CR)";12692;94
"Meergezinswoning";"1995 tot 2005";"2021";"Noord-Limburg (CR)";3303;96
"Meergezinswoning";"1995 tot 2005";"2021";"Midden-Limburg (CR)";3651;92
"Meergezinswoning";"1995 tot 2005";"2021";"Zuid-Limburg (CR)";9651;96
"Meergezinswoning";"1995 tot 2005";"2021";"Flevoland (CR)";8188;91
"Meergezinswoning";"1995 tot 2005";"2021";"Niet in te delen (CR)";0;
"Meergezinswoning";"1995 tot 2005";"2021";"Amsterdam";24988;88
"Meergezinswoning";"1995 tot 2005";"2021";"'s-Gravenhage (gemeente)";14109;86
"Meergezinswoning";"1995 tot 2005";"2021";"Rotterdam";17818;88
"Meergezinswoning";"1995 tot 2005";"2021";"Utrecht (gemeente)";6223;91
"Meergezinswoning";"2005 tot 2015";"2021";"Nederland";342790;90
"Meergezinswoning";"2005 tot 2015";"2021";"Noord-Nederland (LD)";23586;93
"Meergezinswoning";"2005 tot 2015";"2021";"Oost-Nederland (LD)";64191;90
"Meergezinswoning";"2005 tot 2015";"2021";"West-Nederland (LD)";185555;90
"Meergezinswoning";"2005 tot 2015";"2021";"Zuid-Nederland (LD)";69458;91
"Meergezinswoning";"2005 tot 2015";"2021";"Niet in te delen (LD)";0;
"Meergezinswoning";"2005 tot 2015";"2021";"Groningen (PV)";9792;91
"Meergezinswoning";"2005 tot 2015";"2021";"Fryslân (PV)";7412;96
"Meergezinswoning";"2005 tot 2015";"2021";"Drenthe (PV)";6382;92
"Meergezinswoning";"2005 tot 2015";"2021";"Overijssel (PV)";18169;92
"Meergezinswoning";"2005 tot 2015";"2021";"Flevoland (PV)";7051;89
"Meergezinswoning";"2005 tot 2015";"2021";"Gelderland (PV)";38971;88
"Meergezinswoning";"2005 tot 2015";"2021";"Utrecht (PV)";28202;87
"Meergezinswoning";"2005 tot 2015";"2021";"Noord-Holland (PV)";69868;88
"Meergezinswoning";"2005 tot 2015";"2021";"Zuid-Holland (PV)";81349;92
"Meergezinswoning";"2005 tot 2015";"2021";"Zeeland (PV)";6136;95
"Meergezinswoning";"2005 tot 2015";"2021";"Noord-Brabant (PV)";52721;89
"Meergezinswoning";"2005 tot 2015";"2021";"Limburg (PV)";16737;98
"Meergezinswoning";"2005 tot 2015";"2021";"Niet in te delen (PV)";0;
"Meergezinswoning";"2005 tot 2015";"2021";"Oost-Groningen (CR)";1135;103
"Meergezinswoning";"2005 tot 2015";"2021";"Delfzijl en omgeving (CR)";933;92
"Meergezinswoning";"2005 tot 2015";"2021";"Overig Groningen (CR)";7724;89
"Meergezinswoning";"2005 tot 2015";"2021";"Noord-Friesland (CR)";3578;96
"Meergezinswoning";"2005 tot 2015";"2021";"Zuidwest-Friesland (CR)";1530;103
"Meergezinswoning";"2005 tot 2015";"2021";"Zuidoost-Friesland (CR)";2304;94
"Meergezinswoning";"2005 tot 2015";"2021";"Noord-Drenthe (CR)";2888;95
"Meergezinswoning";"2005 tot 2015";"2021";"Zuidoost-Drenthe (CR)";1619;102
"Meergezinswoning";"2005 tot 2015";"2021";"Zuidwest-Drenthe (CR)";1875;80
"Meergezinswoning";"2005 tot 2015";"2021";"Noord-Overijssel (CR)";5892;87
"Meergezinswoning";"2005 tot 2015";"2021";"Zuidwest-Overijssel (CR)";1761;95
"Meergezinswoning";"2005 tot 2015";"2021";"Twente (CR)";10516;95
"Meergezinswoning";"2005 tot 2015";"2021";"Veluwe (CR)";13299;87
"Meergezinswoning";"2005 tot 2015";"2021";"Achterhoek (CR)";6789;91
"Meergezinswoning";"2005 tot 2015";"2021";"Arnhem/Nijmegen (CR)";15111;87
"Meergezinswoning";"2005 tot 2015";"2021";"Zuidwest-Gelderland (CR)";3772;91
"Meergezinswoning";"2005 tot 2015";"2021";"Utrecht (CR)";28202;87
"Meergezinswoning";"2005 tot 2015";"2021";"Kop van Noord-Holland (CR)";4586;86
"Meergezinswoning";"2005 tot 2015";"2021";"Alkmaar en omgeving (CR)";5116;89
"Meergezinswoning";"2005 tot 2015";"2021";"IJmond (CR)";3922;91
"Meergezinswoning";"2005 tot 2015";"2021";"Agglomeratie Haarlem (CR)";5239;93
"Meergezinswoning";"2005 tot 2015";"2021";"Zaanstreek (CR)";3586;86
"Meergezinswoning";"2005 tot 2015";"2021";"Groot-Amsterdam (CR)";43720;86
"Meergezinswoning";"2005 tot 2015";"2021";"Het Gooi en Vechtstreek (CR)";3699;97
"Meergezinswoning";"2005 tot 2015";"2021";"Agglomeratie Leiden en Bollenstreek (CR)";9704;90
"Meergezinswoning";"2005 tot 2015";"2021";"Agglomeratie 's-Gravenhage (CR)";18566;94
"Meergezinswoning";"2005 tot 2015";"2021";"Delft en Westland (CR)";6445;79
"Meergezinswoning";"2005 tot 2015";"2021";"Oost-Zuid-Holland (CR)";6202;92
"Meergezinswoning";"2005 tot 2015";"2021";"Groot-Rijnmond (CR)";33139;94
"Meergezinswoning";"2005 tot 2015";"2021";"Zuidoost-Zuid-Holland (CR)";7293;93
"Meergezinswoning";"2005 tot 2015";"2021";"Zeeuwsch-Vlaanderen (CR)";1402;100
"Meergezinswoning";"2005 tot 2015";"2021";"Overig Zeeland (CR)";4734;94
"Meergezinswoning";"2005 tot 2015";"2021";"West-Noord-Brabant (CR)";13568;90
"Meergezinswoning";"2005 tot 2015";"2021";"Midden-Noord-Brabant (CR)";12105;80
"Meergezinswoning";"2005 tot 2015";"2021";"Noordoost-Noord-Brabant (CR)";12334;92
"Meergezinswoning";"2005 tot 2015";"2021";"Zuidoost-Noord-Brabant (CR)";14714;92
"Meergezinswoning";"2005 tot 2015";"2021";"Noord-Limburg (CR)";4369;98
"Meergezinswoning";"2005 tot 2015";"2021";"Midden-Limburg (CR)";3884;94
"Meergezinswoning";"2005 tot 2015";"2021";"Zuid-Limburg (CR)";8484;99
"Meergezinswoning";"2005 tot 2015";"2021";"Flevoland (CR)";7051;89
"Meergezinswoning";"2005 tot 2015";"2021";"Niet in te delen (CR)";0;
"Meergezinswoning";"2005 tot 2015";"2021";"Amsterdam";32797;87
"Meergezinswoning";"2005 tot 2015";"2021";"'s-Gravenhage (gemeente)";11416;90
"Meergezinswoning";"2005 tot 2015";"2021";"Rotterdam";16102;95
"Meergezinswoning";"2005 tot 2015";"2021";"Utrecht (gemeente)";11470;80
"Meergezinswoning";"2015 tot 2025";"2021";"Nederland";148938;71
"Meergezinswoning";"2015 tot 2025";"2021";"Noord-Nederland (LD)";10535;64
"Meergezinswoning";"2015 tot 2025";"2021";"Oost-Nederland (LD)";24048;74
"Meergezinswoning";"2015 tot 2025";"2021";"West-Nederland (LD)";91761;70
"Meergezinswoning";"2015 tot 2025";"2021";"Zuid-Nederland (LD)";22594;75
"Meergezinswoning";"2015 tot 2025";"2021";"Niet in te delen (LD)";0;
"Meergezinswoning";"2015 tot 2025";"2021";"Groningen (PV)";6107;54
"Meergezinswoning";"2015 tot 2025";"2021";"Fryslân (PV)";2469;78
"Meergezinswoning";"2015 tot 2025";"2021";"Drenthe (PV)";1959;76
"Meergezinswoning";"2015 tot 2025";"2021";"Overijssel (PV)";5588;78
"Meergezinswoning";"2015 tot 2025";"2021";"Flevoland (PV)";4838;68
"Meergezinswoning";"2015 tot 2025";"2021";"Gelderland (PV)";13622;75
"Meergezinswoning";"2015 tot 2025";"2021";"Utrecht (PV)";16200;69
"Meergezinswoning";"2015 tot 2025";"2021";"Noord-Holland (PV)";43172;67
"Meergezinswoning";"2015 tot 2025";"2021";"Zuid-Holland (PV)";30375;75
"Meergezinswoning";"2015 tot 2025";"2021";"Zeeland (PV)";2014;86
"Meergezinswoning";"2015 tot 2025";"2021";"Noord-Brabant (PV)";18823;73
"Meergezinswoning";"2015 tot 2025";"2021";"Limburg (PV)";3771;82
"Meergezinswoning";"2015 tot 2025";"2021";"Niet in te delen (PV)";0;
"Meergezinswoning";"2015 tot 2025";"2021";"Oost-Groningen (CR)";389;87
"Meergezinswoning";"2015 tot 2025";"2021";"Delfzijl en omgeving (CR)";73;108
"Meergezinswoning";"2015 tot 2025";"2021";"Overig Groningen (CR)";5645;51
"Meergezinswoning";"2015 tot 2025";"2021";"Noord-Friesland (CR)";1277;80
"Meergezinswoning";"2015 tot 2025";"2021";"Zuidwest-Friesland (CR)";522;85
"Meergezinswoning";"2015 tot 2025";"2021";"Zuidoost-Friesland (CR)";670;68
"Meergezinswoning";"2015 tot 2025";"2021";"Noord-Drenthe (CR)";913;70
"Meergezinswoning";"2015 tot 2025";"2021";"Zuidoost-Drenthe (CR)";291;83
"Meergezinswoning";"2015 tot 2025";"2021";"Zuidwest-Drenthe (CR)";755;81
"Meergezinswoning";"2015 tot 2025";"2021";"Noord-Overijssel (CR)";2533;75
"Meergezinswoning";"2015 tot 2025";"2021";"Zuidwest-Overijssel (CR)";563;55
"Meergezinswoning";"2015 tot 2025";"2021";"Twente (CR)";2492;86
"Meergezinswoning";"2015 tot 2025";"2021";"Veluwe (CR)";5814;73
"Meergezinswoning";"2015 tot 2025";"2021";"Achterhoek (CR)";1370;84
"Meergezinswoning";"2015 tot 2025";"2021";"Arnhem/Nijmegen (CR)";5471;74
"Meergezinswoning";"2015 tot 2025";"2021";"Zuidwest-Gelderland (CR)";967;84
"Meergezinswoning";"2015 tot 2025";"2021";"Utrecht (CR)";16200;69
"Meergezinswoning";"2015 tot 2025";"2021";"Kop van Noord-Holland (CR)";1946;78
"Meergezinswoning";"2015 tot 2025";"2021";"Alkmaar en omgeving (CR)";1819;79
"Meergezinswoning";"2015 tot 2025";"2021";"IJmond (CR)";1536;85
"Meergezinswoning";"2015 tot 2025";"2021";"Agglomeratie Haarlem (CR)";2008;88
"Meergezinswoning";"2015 tot 2025";"2021";"Zaanstreek (CR)";772;73
"Meergezinswoning";"2015 tot 2025";"2021";"Groot-Amsterdam (CR)";33145;62
"Meergezinswoning";"2015 tot 2025";"2021";"Het Gooi en Vechtstreek (CR)";1946;86
"Meergezinswoning";"2015 tot 2025";"2021";"Agglomeratie Leiden en Bollenstreek (CR)";6988;71
"Meergezinswoning";"2015 tot 2025";"2021";"Agglomeratie 's-Gravenhage (CR)";9211;68
"Meergezinswoning";"2015 tot 2025";"2021";"Delft en Westland (CR)";2285;71
"Meergezinswoning";"2015 tot 2025";"2021";"Oost-Zuid-Holland (CR)";2591;87
"Meergezinswoning";"2015 tot 2025";"2021";"Groot-Rijnmond (CR)";7769;80
"Meergezinswoning";"2015 tot 2025";"2021";"Zuidoost-Zuid-Holland (CR)";1531;89
"Meergezinswoning";"2015 tot 2025";"2021";"Zeeuwsch-Vlaanderen (CR)";485;94
"Meergezinswoning";"2015 tot 2025";"2021";"Overig Zeeland (CR)";1529;84
"Meergezinswoning";"2015 tot 2025";"2021";"West-Noord-Brabant (CR)";4058;76
"Meergezinswoning";"2015 tot 2025";"2021";"Midden-Noord-Brabant (CR)";4071;75
"Meergezinswoning";"2015 tot 2025";"2021";"Noordoost-Noord-Brabant (CR)";4849;76
"Meergezinswoning";"2015 tot 2025";"2021";"Zuidoost-Noord-Brabant (CR)";5845;68
"Meergezinswoning";"2015 tot 2025";"2021";"Noord-Limburg (CR)";868;80
"Meergezinswoning";"2015 tot 2025";"2021";"Midden-Limburg (CR)";879;102
"Meergezinswoning";"2015 tot 2025";"2021";"Zuid-Limburg (CR)";2024;74
"Meergezinswoning";"2015 tot 2025";"2021";"Flevoland (CR)";4838;68
"Meergezinswoning";"2015 tot 2025";"2021";"Niet in te delen (CR)";0;
"Meergezinswoning";"2015 tot 2025";"2021";"Amsterdam";26913;58
"Meergezinswoning";"2015 tot 2025";"2021";"'s-Gravenhage (gemeente)";7569;66
"Meergezinswoning";"2015 tot 2025";"2021";"Rotterdam";3350;71
"Meergezinswoning";"2015 tot 2025";"2021";"Utrecht (gemeente)";8461;59
