"Voorraad woningen; gemiddeld oppervlak; woningtype, bouwjaarklasse, regio"
""
"";""
"";"Subject";"Beginstand woningvoorraad";"Beginstand woningvoorraad";"Beginstand woningvoorraad";"Beginstand woningvoorraad";"Beginstand woningvoorraad";"Beginstand woningvoorraad";"Beginstand woningvoorraad";"Beginstand woningvoorraad";"Beginstand woningvoorraad";"Beginstand woningvoorraad";"Beginstand woningvoorraad";"Beginstand woningvoorraad";"Beginstand woningvoorraad";"Beginstand woningvoorraad";"Beginstand woningvoorraad";"Beginstand woningvoorraad";"Beginstand woningvoorraad";"Beginstand woningvoorraad";"Beginstand woningvoorraad";"Beginstand woningvoorraad";"Beginstand woningvoorraad";"Gemiddelde oppervlakte";"Gemiddelde oppervlakte";"Gemiddelde oppervlakte";"Gemiddelde oppervlakte";"Gemiddelde oppervlakte";"Gemiddelde oppervlakte";"Gemiddelde oppervlakte";"Gemiddelde oppervlakte";"Gemiddelde oppervlakte";"Gemiddelde oppervlakte";"Gemiddelde oppervlakte";"Gemiddelde oppervlakte";"Gemiddelde oppervlakte";"Gemiddelde oppervlakte";"Gemiddelde oppervlakte";"Gemiddelde oppervlakte";"Gemiddelde oppervlakte";"Gemiddelde oppervlakte";"Gemiddelde oppervlakte";"Gemiddelde oppervlakte";"Gemiddelde oppervlakte"
"";"House type";"Total";"Total";"Total";"Total";"Total";"Total";"Total";"Single-family home";"Single-family home";"Single-family home";"Single-family home";"Single-family home";"Single-family home";"Single-family home";"Multi-family dwelling";"Multi-family dwelling";"Multi-family dwelling";"Multi-family dwelling";"Multi-family dwelling";"Multi-family dwelling";"Multi-family dwelling";"Total";"Total";"Total";"Total";"Total";"Total";"Total";"Single-family home";"Single-family home";"Single-family home";"Single-family home";"Single-family home";"Single-family home";"Single-family home";"Multi-family dwelling";"Multi-family dwelling";"Multi-family dwelling";"Multi-family dwelling";"Multi-family dwelling";"Multi-family dwelling";"Multi-family dwelling"
"";"Year of construction class";"Total";"1000 to 1850";"1945 to 1955";"1985 to 1995";"1995 to 2005";"2005 to 2015";"2015 to 2025";"Total";"1000 to 1850";"1945 to 1955";"1985 to 1995";"1995 to 2005";"2005 to 2015";"2015 to 2025";"Total";"1000 to 1850";"1945 to 1955";"1985 to 1995";"1995 to 2005";"2005 to 2015";"2015 to 2025";"Total";"1000 to 1850";"1945 to 1955";"1985 to 1995";"1995 to 2005";"2005 to 2015";"2015 to 2025";"Total";"1000 to 1850";"1945 to 1955";"1985 to 1995";"1995 to 2005";"2005 to 2015";"2015 to 2025";"Total";"1000 to 1850";"1945 to 1955";"1985 to 1995";"1995 to 2005";"2005 to 2015";"2015 to 2025"
"Regions";"Periods";"number";"number";"number";"number";"number";"number";"number";"number";"number";"number";"number";"number";"number";"number";"number";"number";"number";"number";"number";"number";"number";"m2";"m2";"m2";"m2";"m2";"m2";"m2";"m2";"m2";"m2";"m2";"m2";"m2";"m2";"m2";"m2";"m2";"m2";"m2";"m2";"m2"
"The Netherlands";"2012";"7386743";"76805";"372297";"1004001";"826390";"489660";"";"4855858";"31450";"256325";"699625";"543619";"251992";"";"2,530,885";"45355";"115,972";"304376";"282771";"237668";"";"119";"149";"108";"115";"132";"132";"";"138";"229";"124";"130";"151";"164";"";"84";"87";"73";"79";"96";"98";""
"The Netherlands";"2013";"7,449,298";"77434";"370738";"1003671";"826600";"556368";"";"4,875,461";"31597";"254,986";"698133";"542773";"282568";"";"2,573,837";"45,837";"115752";"305538";"283827";"273,800";"";"120";"147";"108";"115";"132";"130";"";"139";"231";"124";"131";"152";"163";"";"84";"88";"73";"79";"95";"96";""
"The Netherlands";"2014";"7535316";"75324";"369091";"1010317";"829376";"617127";"";"4,889,114";"31607";"253,594";"698068";"539751";"304684";"";"2646202";"43717";"115497";"312249";"289625";"312443";"";"119";"149";"108";"114";"132";"127";"";"139";"232";"125";"131";"152";"162";"";"82";"89";"73";"77";"93";"93";""
"The Netherlands";"2015";"7,587,964";"70482";"367606";"1013086";"830779";"663605";"";"4905957";"31613";"252219";"697739";"539160";"327219";"";"2682007";"38,869";"115387";"315347";"291619";"336386";"";"119";"156";"108";"114";"131";"126";"";"139";"234";"124";"131";"152";"161";"";"82";"91";"73";"77";"92";"92";""
"The Netherlands";"2016";"7641323";"71046";"365436";"1016491";"831875";"673016";"40823";"4,927,588";"31642";"251025";"697632";"538657";"330367";"23,697";"2713735";"39404";"114411";"318859";"293218";"342649";"17126";"119";"156";"108";"114";"131";"126";"113";"139";"235";"125";"131";"153";"162";"142";"82";"92";"73";"76";"92";"91";"72"
"The Netherlands";"2017";"7686178";"70621";"363860";"1018131";"832463";"673373";"96180";"4,956,862";"31596";"250005";"697197";"538026";"330413";"57336";"2729313";"39025";"113855";"320934";"294437";"342960";"38,844";"119";"157";"108";"114";"131";"126";"114";"140";"235";"125";"131";"153";"162";"143";"81";"92";"73";"76";"92";"92";"70"
"The Netherlands";"2018";"7740984";"71332";"361997";"1019713";"831209";"673921";"158921";"4,987,389";"31706";"248589";"696556";"536330";"331114";"94,928";"2,753,595";"39626";"113408";"323157";"294,879";"342807";"63,993";"119";"156";"109";"114";"131";"126";"114";"140";"235";"125";"131";"153";"162";"144";"81";"93";"73";"76";"91";"92";"70"
"The Netherlands";"2019";"7814912";"72,393";"360175";"1020370";"832269";"674141";"225941";"5021988";"31707";"247473";"696266";"535978";"330238";"135142";"2,792,924";"40686";"112702";"324104";"296291";"343903";"90799";"119";"155";"109";"114";"131";"126";"116";"140";"235";"125";"132";"153";"162";"146";"81";"92";"73";"76";"91";"91";"71"
"The Netherlands";"2020";"7891786";"73130";"358620";"1022792";"833130";"673220";"298675";"5059921";"31704";"246115";"695897";"534930";"330467";"179140";"2,831,865";"41426";"112505";"326895";"298200";"342753";"119535";"119";"155";"109";"114";"131";"126";"117";"140";"235";"125";"132";"153";"162";"148";"81";"92";"73";"75";"91";"91";"71"
"The Netherlands";"2021";"7966331";"73672";"357266";"1024788";"834929";"673012";"368,948";"5,095,799";"31746";"245210";"695819";"535011";"330222";"220010";"2870532";"41926";"112056";"328,969";"299,918";"342790";"148938";"119";"155";"109";"114";"131";"126";"118";"141";"237";"125";"132";"154";"162";"149";"80";"93";"73";"75";"90";"90";"71"
"The Netherlands";"2022";"8045580";"67190";"355,957";"1026729";"836283";"673394";"440458";"5129687";"31376";"244225";"696215";"534541";"330466";"258718";"2915893";"35814";"111732";"330514";"301742";"342928";"181740";"120";"166";"110";"114";"132";"126";"118";"142";"243";"126";"133";"155";"164";"151";"80";"98";"73";"75";"90";"90";"71"
"The Netherlands";"2023";"8125229";"68063";"354,968";"1028315";"836602";"672365";"514799";"5159789";"31401";"243123";"695823";"534046";"330226";"294548";"2,965,440";"36662";"111845";"332492";"302556";"342139";"220251";"120";"166";"110";"115";"132";"126";"118";"143";"245";"127";"134";"156";"164";"152";"80";"98";"73";"74";"89";"90";"71"
"The Netherlands";"2024";"8204049";"68714";"354225";"1029741";"836970";"672229";"588510";"5189506";"31443";"241799";"695410";"533608";"330087";"330099";"3014543";"37271";"112426";"334331";"303362";"342142";"258411";"120";"166";"109";"115";"132";"126";"117";"143";"246";"126";"134";"157";"164";"153";"80";"97";"73";"74";"89";"89";"71"
"The Netherlands";"2025";"8274478";"69405";"352783";"1030267";"837126";"672689";"657171";"5211312";"31419";"240629";"694458";"533197";"329,978";"358853";"3063166";"37,986";"112154";"335809";"303929";"342711";"298318";"120";"165";"109";"115";"132";"126";"116";"144";"246";"127";"135";"157";"164";"153";"79";"97";"73";"74";"89";"89";"71"
"The Netherlands";"2026";"8,344,953";"72005";"351109";"1030884";"837568";"672557";"661500";"5239520";"32059";"239516";"694053";"532646";"329610";"360333";"3105433";"39,946";"111593";"336831";"304922";"342,947";"301167";"120";"163";"110";"115";"132";"126";"116";"144";"246";"127";"135";"157";"164";"154";"79";"96";"73";"73";"88";"89";"71"
"Amsterdam";"2012";"408888";"29673";"16861";"41778";"29740";"30840";"";"49830";"2,039";"3081";"10,548";"7189";"4,659";"";"359058";"27634";"13780";"31230";"22551";"26181";"";"73";"71";"58";"76";"99";"97";"";"102";"150";"71";"94";"124";"135";"";"70";"66";"55";"69";"90";"90";""
"Amsterdam";"2013";"411127";"29749";"16,862";"41886";"29668";"33811";"";"50087";"2,036";"3,078";"10,549";"7191";"4,936";"";"361040";"27713";"13784";"31337";"22477";"28,875";"";"74";"77";"58";"76";"99";"94";"";"104";"158";"72";"95";"125";"136";"";"70";"72";"55";"70";"90";"87";""
"Amsterdam";"2014";"413697";"26,950";"16798";"41783";"29754";"36305";"";"50434";"1939";"3,079";"10554";"7188";"5262";"";"363263";"25011";"13719";"31229";"22,566";"31043";"";"75";"78";"59";"77";"99";"92";"";"106";"157";"74";"96";"125";"135";"";"70";"72";"56";"70";"91";"85";""
"Amsterdam";"2015";"416966";"21640";"16986";"42097";"30031";"39004";"";"50881";"1,858";"3081";"10523";"7208";"5740";"";"366085";"19782";"13905";"31574";"22823";"33264";"";"75";"81";"60";"77";"99";"93";"";"107";"160";"75";"96";"125";"135";"";"71";"74";"56";"70";"90";"85";""
"Amsterdam";"2016";"424390";"21732";"16730";"42485";"30580";"39923";"4,483";"51357";"1850";"3082";"10517";"7207";"5820";"424";"373033";"19,882";"13,648";"31,968";"23373";"34103";"4,059";"75";"82";"60";"77";"97";"91";"61";"108";"166";"75";"96";"125";"136";"139";"70";"74";"56";"70";"89";"84";"53"
"Amsterdam";"2017";"428035";"21057";"16729";"43,000";"31125";"39,994";"9727";"52176";"1821";"3082";"10517";"7212";"5,877";"1224";"375859";"19236";"13,647";"32483";"23913";"34117";"8503";"75";"83";"60";"77";"97";"93";"60";"109";"168";"76";"96";"126";"136";"137";"70";"75";"56";"70";"88";"85";"49"
"Amsterdam";"2018";"432715";"21137";"16505";"44040";"31424";"39129";"15040";"52,807";"1825";"3,080";"10518";"7209";"5,838";"1929";"379,908";"19312";"13425";"33522";"24215";"33291";"13111";"76";"83";"61";"77";"97";"94";"64";"110";"168";"78";"97";"126";"136";"139";"71";"75";"57";"71";"89";"87";"52"
"Amsterdam";"2019";"441490";"21375";"16328";"44153";"31725";"39446";"22352";"53672";"1824";"3121";"10502";"7201";"5,863";"2,756";"387818";"19551";"13207";"33651";"24524";"33,583";"19,596";"76";"84";"61";"77";"97";"94";"66";"112";"170";"79";"97";"126";"137";"141";"71";"76";"57";"71";"88";"86";"55"
"Amsterdam";"2020";"447351";"21445";"15,989";"44,747";"32235";"38919";"27,889";"54214";"1819";"3106";"10476";"7197";"5883";"3,341";"393137";"19626";"12,883";"34271";"25038";"33036";"24,548";"76";"84";"62";"77";"97";"94";"67";"113";"170";"81";"98";"127";"138";"142";"71";"76";"57";"71";"88";"86";"57"
"Amsterdam";"2021";"449,989";"21455";"16010";"45110";"32164";"38650";"30484";"54380";"1823";"3106";"10469";"7176";"5,853";"3,571";"395609";"19632";"12904";"34641";"24,988";"32,797";"26913";"76";"85";"62";"77";"97";"94";"68";"113";"171";"81";"98";"127";"137";"144";"71";"77";"57";"70";"88";"87";"58"
"Amsterdam";"2022";"458397";"14,500";"16022";"45263";"32767";"38659";"36,990";"54,589";"1465";"3104";"10460";"7157";"5883";"3907";"403808";"13035";"12918";"34803";"25610";"32776";"33083";"76";"93";"62";"77";"96";"95";"69";"114";"179";"81";"98";"127";"138";"144";"71";"83";"57";"70";"88";"87";"60"
"Amsterdam";"2023";"474866";"14,881";"16408";"45945";"33234";"38,598";"44,594";"60011";"1589";"3,558";"10870";"7377";"6,075";"5106";"414855";"13292";"12,850";"35,075";"25,857";"32523";"39488";"77";"94";"63";"77";"97";"97";"69";"116";"179";"83";"100";"129";"139";"147";"71";"83";"57";"70";"88";"89";"59"
"Amsterdam";"2024";"480852";"14,909";"16435";"46570";"33650";"38625";"49206";"60434";"1585";"3,560";"10,866";"7375";"6031";"5,569";"420418";"13324";"12,875";"35704";"26275";"32,594";"43637";"77";"93";"63";"77";"96";"96";"70";"117";"180";"83";"100";"129";"140";"148";"71";"83";"58";"70";"87";"89";"60"
"Amsterdam";"2025";"486769";"14,936";"16445";"46976";"32778";"38666";"54,888";"60593";"1578";"3,560";"10,865";"7342";"6033";"5776";"426176";"13,358";"12,885";"36111";"25436";"32633";"49112";"77";"94";"63";"77";"97";"96";"70";"117";"181";"84";"101";"129";"140";"148";"71";"83";"58";"70";"88";"89";"60"
"Amsterdam";"2026";"494449";"15163";"16167";"47362";"32760";"38534";"55,808";"61130";"1596";"3,559";"10,864";"7335";"6036";"5817";"433319";"13,567";"12608";"36498";"25425";"32,498";"49,991";"77";"93";"65";"77";"97";"97";"70";"119";"183";"87";"101";"130";"140";"149";"71";"83";"59";"70";"88";"89";"60"
"The Hague (municipality)";"2012";"241376";"1495";"16,000";"20643";"29428";"15049";"";"52544";"349";"1184";"2,362";"16300";"7,579";"";"188832";"1146";"14816";"18281";"13128";"7470";"";"96";"111";"73";"83";"114";"118";"";"147";"172";"134";"125";"135";"142";"";"81";"93";"68";"78";"87";"95";""
"The Hague (municipality)";"2013";"244880";"1522";"15,974";"21252";"29,695";"17075";"";"53010";"336";"1187";"2,353";"16299";"8103";"";"191870";"1186";"14,787";"18,899";"13,396";"8972";"";"95";"108";"73";"82";"113";"117";"";"147";"168";"135";"125";"135";"142";"";"81";"91";"68";"77";"86";"95";""
"The Hague (municipality)";"2014";"249,994";"1536";"16111";"22031";"29545";"19249";"";"53268";"328";"1200";"2,349";"16304";"8496";"";"196726";"1208";"14911";"19,682";"13241";"10753";"";"94";"107";"73";"81";"113";"112";"";"147";"166";"135";"125";"135";"142";"";"80";"91";"68";"76";"86";"89";""
"The Hague (municipality)";"2015";"251374";"1555";"16213";"22162";"29669";"19512";"";"53322";"323";"1200";"2,348";"16323";"8551";"";"198052";"1232";"15013";"19814";"13346";"10961";"";"94";"107";"73";"80";"113";"112";"";"147";"163";"135";"125";"135";"142";"";"80";"92";"68";"75";"86";"90";""
"The Hague (municipality)";"2016";"253210";"1550";"16213";"22169";"29675";"20141";"286";"53853";"326";"1203";"2,348";"16337";"8,896";"62";"199,357";"1224";"15010";"19821";"13338";"11245";"224";"94";"107";"73";"80";"113";"113";"107";"147";"162";"135";"125";"135";"141";"174";"80";"92";"68";"75";"86";"90";"88"
"The Hague (municipality)";"2017";"255103";"1421";"16108";"22491";"29732";"20239";"2,060";"54418";"327";"1197";"2,347";"16339";"8674";"822";"200685";"1,094";"14911";"20144";"13393";"11,565";"1238";"94";"111";"73";"80";"113";"112";"97";"147";"159";"136";"125";"135";"142";"144";"80";"96";"68";"74";"86";"90";"66"
"The Hague (municipality)";"2018";"256694";"1440";"16086";"22482";"29,947";"20119";"3,665";"55025";"326";"1195";"2,288";"16335";"8634";"1433";"201669";"1114";"14,891";"20194";"13612";"11485";"2,232";"94";"111";"73";"80";"113";"112";"92";"148";"164";"136";"127";"135";"142";"148";"79";"96";"68";"75";"86";"89";"56"
"The Hague (municipality)";"2019";"259264";"1453";"16094";"22,507";"30251";"20173";"5290";"55551";"328";"1199";"2,288";"16328";"8639";"1925";"203713";"1125";"14,895";"20219";"13923";"11,534";"3,365";"94";"112";"73";"80";"113";"112";"95";"148";"165";"137";"128";"135";"142";"150";"79";"96";"68";"75";"86";"89";"63"
"The Hague (municipality)";"2020";"262492";"1455";"16132";"22,508";"30330";"20147";"7459";"55,952";"328";"1201";"2,290";"16328";"8639";"2311";"206540";"1127";"14931";"20218";"14002";"11,508";"5148";"94";"113";"73";"80";"113";"112";"92";"148";"167";"137";"128";"136";"143";"153";"79";"97";"68";"75";"86";"89";"64"
"The Hague (municipality)";"2021";"265,959";"1449";"16080";"22,557";"30440";"20055";"10230";"56307";"328";"1207";"2291";"16331";"8639";"2,661";"209652";"1121";"14,873";"20266";"14109";"11416";"7,569";"94";"112";"73";"81";"113";"113";"89";"149";"167";"138";"128";"136";"143";"156";"79";"96";"68";"75";"86";"90";"66"
"The Hague (municipality)";"2022";"267654";"1465";"15821";"22,584";"30493";"20056";"11,599";"56735";"327";"1210";"2,288";"16320";"8632";"3,097";"210919";"1138";"14611";"20296";"14173";"11424";"8502";"94";"111";"74";"81";"113";"113";"91";"149";"167";"138";"128";"136";"143";"159";"79";"95";"68";"75";"86";"90";"66"
"The Hague (municipality)";"2023";"270220";"1510";"15616";"22,357";"30496";"20070";"14090";"57433";"322";"1212";"2,288";"16319";"8633";"3786";"212787";"1188";"14404";"20069";"14177";"11437";"10304";"94";"109";"74";"81";"113";"113";"92";"150";"160";"139";"128";"136";"143";"159";"80";"95";"68";"76";"86";"90";"67"
"The Hague (municipality)";"2024";"272242";"1521";"15606";"22371";"30536";"19754";"15709";"57,685";"326";"1214";"2,287";"16320";"8625";"4,026";"214557";"1195";"14392";"20084";"14216";"11129";"11,683";"94";"110";"74";"81";"113";"113";"91";"150";"162";"139";"128";"136";"143";"159";"80";"95";"68";"76";"86";"89";"68"
"The Hague (municipality)";"2025";"274171";"1529";"15609";"22,389";"30513";"20,095";"17524";"58075";"328";"1215";"2,287";"16315";"8617";"4,465";"216096";"1201";"14394";"20102";"14198";"11478";"13059";"95";"110";"74";"81";"113";"113";"91";"150";"164";"140";"129";"136";"144";"160";"80";"95";"68";"76";"86";"90";"67"
"The Hague (municipality)";"2026";"274725";"1536";"15606";"22,384";"30513";"20100";"17464";"58259";"337";"1219";"2279";"16315";"8624";"4472";"216466";"1199";"14387";"20105";"14198";"11476";"12992";"95";"109";"74";"81";"113";"113";"91";"150";"170";"140";"128";"136";"144";"161";"80";"92";"68";"76";"86";"90";"68"
"Rotterdam";"2012";"306222";"20";"17471";"39251";"25011";"18756";"";"75897";"9";"2538";"11408";"7235";"5957";"";"230325";"11";"14933";"27843";"17776";"12799";"";"91";"147";"73";"91";"102";"110";"";"122";".";"104";"118";"132";"138";"";"81";".";"68";"80";"90";"97";""
"Rotterdam";"2013";"307349";"20";"17574";"39237";"25016";"19987";"";"76913";"12";"2549";"11418";"7248";"6308";"";"230436";"8";"15025";"27819";"17768";"13679";"";"92";"177";"73";"91";"102";"110";"";"123";".";"105";"118";"133";"138";"";"81";".";"68";"80";"90";"97";""
"Rotterdam";"2014";"308291";"20";"17533";"39163";"25031";"21454";"";"76962";"12";"2548";"11422";"7251";"6378";"";"231329";"8";"14985";"27741";"17780";"15076";"";"91";"177";"71";"91";"102";"109";"";"122";".";"104";"118";"132";"138";"";"80";".";"66";"79";"89";"96";""
"Rotterdam";"2015";"311324";"20";"17564";"40360";"25145";"22607";"";"77393";"12";"2549";"11412";"7249";"6802";"";"233931";"8";"15015";"28948";"17896";"15805";"";"90";"179";"71";"89";"101";"108";"";"122";".";"104";"118";"132";"138";"";"80";".";"66";"77";"89";"95";""
"Rotterdam";"2016";"311168";"21";"17399";"40330";"25135";"22876";"433";"77609";"13";"2545";"11413";"7248";"6769";"230";"233559";"8";"14854";"28917";"17887";"16107";"203";"90";"173";"71";"89";"101";"108";"112";"122";".";"104";"118";"132";"138";"140";"80";".";"66";"78";"89";"96";"81"
"Rotterdam";"2017";"309693";"21";"17263";"39706";"24943";"22828";"1215";"78154";"13";"2546";"11412";"7247";"6732";"800";"231539";"8";"14717";"28294";"17696";"16096";"415";"90";"174";"71";"89";"102";"108";"115";"122";".";"105";"118";"132";"139";"130";"79";".";"65";"78";"89";"95";"86"
"Rotterdam";"2018";"311336";"21";"17136";"39829";"25031";"22850";"2785";"78769";"13";"2548";"11409";"7247";"6735";"1374";"232567";"8";"14588";"28420";"17784";"16115";"1411";"90";"174";"71";"89";"101";"108";"105";"123";".";"105";"118";"132";"139";"136";"79";".";"65";"77";"88";"95";"75"
"Rotterdam";"2019";"311597";"21";"16917";"39919";"25028";"22849";"3296";"79091";"13";"2401";"11413";"7247";"6737";"1856";"232506";"8";"14516";"28506";"17781";"16112";"1440";"90";"174";"71";"89";"101";"108";"109";"123";".";"107";"118";"132";"139";"135";"79";".";"65";"77";"88";"95";"76"
"Rotterdam";"2020";"315561";"21";"17107";"39920";"25026";"22837";"5330";"80196";"13";"2359";"11416";"7245";"6736";"2980";"235365";"8";"14748";"28504";"17781";"16101";"2350";"90";"174";"72";"89";"101";"108";"111";"123";".";"108";"118";"132";"139";"140";"79";".";"66";"77";"88";"95";"75"
"Rotterdam";"2021";"317945";"21";"17129";"39966";"25063";"22840";"7314";"81205";"13";"2361";"11415";"7245";"6738";"3964";"236740";"8";"14768";"28551";"17818";"16102";"3350";"90";"174";"72";"88";"101";"108";"110";"123";".";"107";"115";"133";"140";"143";"79";".";"66";"77";"88";"95";"71"
"Rotterdam";"2022";"319210";"21";"17137";"39964";"25097";"22846";"8422";"81319";"13";"2359";"11410";"7246";"6737";"4105";"237891";"8";"14778";"28554";"17851";"16109";"4317";"90";"175";"72";"88";"101";"109";"110";"123";".";"108";"116";"133";"141";"143";"79";".";"66";"77";"88";"95";"78"
"Rotterdam";"2023";"321282";"21";"17164";"40018";"25121";"22854";"10557";"81532";"13";"2359";"11408";"7247";"6742";"4327";"239750";"8";"14805";"28610";"17874";"16112";"6230";"90";"175";"72";"88";"101";"109";"105";"124";".";"108";"116";"134";"141";"145";"79";".";"66";"77";"88";"95";"78"
"Rotterdam";"2024";"324597";"21";"17026";"40098";"25125";"22965";"13791";"82682";"13";"2319";"11408";"7248";"6743";"5523";"241915";"8";"14707";"28690";"17877";"16222";"8268";"90";"175";"72";"88";"101";"109";"105";"124";".";"109";"116";"134";"142";"145";"79";".";"66";"77";"88";"95";"79"
"Rotterdam";"2025";"328408";"20";"16935";"40125";"25227";"22992";"16646";"83228";"12";"2186";"11414";"7246";"6752";"6177";"245180";"8";"14749";"28711";"17981";"16240";"10469";"90";"156";"72";"88";"101";"109";"104";"125";".";"112";"116";"134";"143";"146";"79";".";"66";"77";"88";"95";"80"
"Rotterdam";"2026";"330620";"25";"16808";"40156";"25406";"23124";"16664";"84020";"11";"2232";"11424";"7293";"6785";"6140";"246600";"14";"14576";"28732";"18113";"16339";"10524";"91";"134";"72";"88";"101";"110";"104";"125";".";"112";"116";"135";"144";"146";"79";".";"66";"77";"88";"95";"80"
"Utrecht (gemeente)";"2012";"142976";"2480";"5218";"11576";"16164";"16742";"";"63571";"810";"1861";"4712";"10219";"8478";"";"79405";"1670";"3357";"6864";"5945";"8264";"";"96";"112";"78";"87";"109";"106";"";"116";"154";"97";"106";"120";"133";"";"80";"91";"68";"74";"91";"80";""
"Utrecht (gemeente)";"2013";"145123";"2491";"5219";"11574";"16197";"19012";"";"63776";"808";"1862";"4606";"10078";"9088";"";"81347";"1683";"3357";"6968";"6119";"9924";"";"96";"112";"79";"87";"109";"107";"";"117";"155";"97";"106";"120";"135";"";"80";"91";"68";"74";"92";"81";""
"Utrecht (gemeente)";"2014";"146329";"2508";"5216";"11656";"16207";"19907";"";"63864";"810";"1859";"4575";"10071";"9295";"";"82465";"1698";"3357";"7081";"6136";"10612";"";"96";"112";"78";"86";"110";"106";"";"117";"155";"97";"106";"120";"134";"";"80";"92";"68";"74";"92";"81";""
"Utrecht (gemeente)";"2015";"147511";"2527";"5234";"11662";"16205";"20879";"";"64223";"817";"1858";"4576";"10071";"9664";"";"83288";"1710";"3376";"7086";"6134";"11215";"";"96";"112";"78";"87";"110";"106";"";"117";"155";"97";"106";"120";"135";"";"80";"92";"68";"74";"92";"81";""
"Utrecht (gemeente)";"2016";"149322";"2539";"5235";"11667";"16453";"20957";"1441";"64911";"813";"1859";"4580";"10071";"9676";"685";"84411";"1726";"3376";"7087";"6382";"11281";"756";"97";"112";"78";"87";"109";"106";"96";"118";"154";"97";"108";"121";"135";"125";"80";"92";"68";"74";"92";"81";"70"
"Utrecht (gemeente)";"2017";"151409";"2540";"5257";"11677";"16461";"20899";"3437";"65819";"809";"1853";"4574";"10074";"9664";"1705";"85590";"1731";"3404";"7103";"6387";"11235";"1732";"96";"111";"78";"87";"109";"106";"98";"118";"152";"98";"108";"121";"135";"131";"79";"92";"68";"74";"92";"80";"66"
"Utrecht (gemeente)";"2018";"150831";"2521";"5186";"11904";"16245";"21133";"5688";"66678";"804";"1851";"4570";"10075";"9655";"2680";"84153";"1717";"3335";"7334";"6170";"11478";"3008";"97";"112";"78";"86";"110";"105";"96";"119";"152";"98";"107";"121";"135";"134";"80";"93";"68";"74";"92";"80";"61"
"Utrecht (gemeente)";"2019";"153845";"2587";"5191";"11948";"16247";"21133";"8138";"67271";"805";"1851";"4586";"10070";"9657";"3332";"86574";"1782";"3340";"7362";"6177";"11476";"4806";"97";"111";"79";"86";"110";"105";"96";"119";"153";"99";"106";"121";"135";"138";"80";"92";"68";"74";"92";"80";"67"
"Utrecht (gemeente)";"2020";"156678";"2660";"5146";"12038";"16133";"21241";"10601";"68037";"800";"1852";"4582";"9949";"9774";"4178";"88641";"1860";"3294";"7456";"6184";"11467";"6423";"97";"110";"79";"86";"110";"106";"93";"120";"154";"99";"106";"121";"136";"140";"79";"91";"68";"74";"92";"80";"63"
"Utrecht (gemeente)";"2021";"159671";"2619";"5157";"12168";"16167";"21240";"13059";"68405";"793";"1863";"4581";"9944";"9770";"4598";"91266";"1826";"3294";"7587";"6223";"11470";"8461";"96";"110";"80";"86";"110";"106";"88";"120";"155";"99";"107";"121";"135";"140";"78";"91";"69";"74";"91";"80";"59"
"Utrecht (gemeente)";"2022";"162451";"2562";"5155";"12094";"16169";"21247";"15693";"69117";"793";"1862";"4564";"9936";"9764";"5352";"93334";"1769";"3293";"7530";"6233";"11483";"10341";"95";"111";"79";"85";"110";"105";"86";"120";"156";"97";"107";"121";"135";"142";"77";"91";"68";"73";"91";"80";"57"
"Utrecht (gemeente)";"2023";"165400";"2594";"5111";"12091";"16163";"21316";"18610";"69285";"786";"1851";"4564";"9881";"9764";"5622";"96115";"1808";"3260";"7527";"6282";"11552";"12988";"95";"111";"79";"86";"110";"105";"84";"120";"157";"98";"107";"122";"135";"143";"77";"91";"68";"73";"91";"80";"58"
"Utrecht (gemeente)";"2024";"167124";"2647";"5082";"12272";"16125";"21310";"20357";"69471";"781";"1848";"4563";"9880";"9761";"5833";"97653";"1866";"3234";"7709";"6245";"11549";"14524";"95";"109";"78";"85";"110";"105";"84";"121";"157";"98";"107";"122";"135";"144";"76";"88";"67";"72";"92";"80";"59"
"Utrecht (gemeente)";"2025";"168736";"2724";"4883";"12315";"16126";"21293";"21942";"69582";"774";"1844";"4566";"9878";"9760";"5981";"99154";"1950";"3039";"7749";"6248";"11533";"15961";"95";"106";"79";"85";"110";"105";"83";"121";"156";"98";"107";"122";"135";"145";"76";"87";"67";"72";"92";"80";"60"
"Utrecht (gemeente)";"2026";"171457";"2739";"4774";"12193";"16123";"21270";"22182";"69949";"775";"1844";"4555";"9879";"9759";"6016";"101508";"1964";"2930";"7638";"6244";"11511";"16166";"94";"107";"79";"85";"110";"105";"83";"121";"157";"98";"107";"123";"135";"145";"76";"87";"68";"72";"91";"80";"60"
"Bron: CBS"
